
==> python3 -m unittest discover -s bindings/python/scripts -p test_*.py
......................
----------------------------------------------------------------------
Ran 22 tests in 0.105s

OK

==> cargo fmt --all -- --check

==> bash ./scripts/check_contract_governance.sh
verification passed

==> cargo clippy --workspace --all-targets -- -D warnings
    Checking ankiforge v0.2.0 (/Users/hp/Desktop/2026/anki-forge/anki_forge)
    Checking contract_tools v0.1.0 (/Users/hp/Desktop/2026/anki-forge/contract_tools)
    Checking anki_forge_node_native v0.2.0 (/Users/hp/Desktop/2026/anki-forge/bindings/node/native)
    Checking anki_forge_python_native v0.2.0 (/Users/hp/Desktop/2026/anki-forge/bindings/python/native)
    Finished `dev` profile [unoptimized + debuginfo] target(s) in 11.83s

==> cargo test --workspace -v
warning: failed to save last-use data
This may prevent cargo from accurately tracking what is being used in its global cache. This information is used for automatically removing unused data in the cache.

attempt to write a readonly database

Caused by:
  Error code 8: Attempt to write a readonly database
       Fresh unicode-ident v1.0.23
       Fresh cfg-if v1.0.0
       Fresh autocfg v1.4.0
       Fresh shlex v1.3.0
       Fresh stable_deref_trait v1.2.1
       Fresh find-msvc-tools v0.1.9
       Fresh memchr v2.7.4
       Fresh bitflags v2.11.0
       Fresh version_check v0.9.5
       Fresh pkg-config v0.3.32
       Fresh once_cell v1.21.4
       Fresh libc v0.2.183
       Fresh smallvec v1.14.0
       Fresh writeable v0.6.4
       Fresh litemap v0.8.3
       Fresh jobserver v0.1.34
       Fresh num-traits v0.2.19
       Fresh getrandom v0.2.15
       Fresh serde_core v1.0.228
       Fresh errno v0.3.14
       Fresh syn v3.0.4
       Fresh cc v1.2.59
       Fresh getrandom v0.3.4
       Fresh simd-adler32 v0.3.9
       Fresh utf8_iter v1.0.4
       Fresh synstructure v0.13.2
       Fresh displaydoc v0.2.5
       Fresh zerovec-derive v0.11.6
       Fresh serde_derive v1.0.228
       Fresh num-integer v0.1.46
       Fresh icu_normalizer_data v2.3.0
       Fresh zerofrom-derive v0.1.7
       Fresh yoke-derive v0.8.2
       Fresh serde v1.0.228
       Fresh zerocopy v0.8.48
       Fresh icu_properties_data v2.3.0
       Fresh crc32fast v1.5.0
       Fresh zerocopy v0.7.35
       Fresh adler2 v2.0.1
       Fresh regex-syntax v0.8.5
       Fresh zerofrom v0.1.8
       Fresh typenum v1.20.1
       Fresh ahash v0.8.11
       Fresh ppv-lite86 v0.2.21
       Fresh miniz_oxide v0.8.9
       Fresh num-bigint v0.4.6
       Fresh yoke v0.8.3
       Fresh hybrid-array v0.4.14
       Fresh aho-corasick v1.1.3
       Fresh vcpkg v0.2.15
       Fresh num-rational v0.4.2
       Fresh zerovec v0.11.8
       Fresh zerotrie v0.2.5
       Fresh regex-automata v0.4.9
       Fresh anyhow v1.0.104
       Fresh rustix v0.38.44
       Fresh tinystr v0.8.4
       Fresh potential_utf v0.1.6
       Fresh flate2 v1.0.35
       Fresh num-iter v0.1.45
       Fresh num-complex v0.4.6
       Fresh powerfmt v0.2.0
       Fresh num-conv v0.2.1
       Fresh hashbrown v0.16.1
       Fresh icu_locale_core v2.3.0
       Fresh icu_collections v2.3.0
       Fresh scopeguard v1.2.0
       Fresh equivalent v1.0.1
       Fresh fastrand v2.3.0
       Fresh itoa v1.0.14
       Fresh percent-encoding v2.3.1
       Fresh either v1.15.0
       Fresh time-core v0.1.8
       Fresh icu_provider v2.3.1
       Fresh bit-vec v0.6.3
       Fresh indexmap v2.13.1
       Fresh itertools v0.14.0
       Fresh lock_api v0.4.12
       Fresh time-macros v0.2.27
       Fresh form_urlencoded v1.2.1
       Fresh tempfile v3.17.1
       Fresh icu_normalizer v2.3.0
       Fresh icu_properties v2.3.0
       Fresh bit-set v0.5.3
       Fresh num v0.4.3
       Fresh deranged v0.5.8
       Fresh parking_lot_core v0.9.10
       Fresh zmij v1.0.21
       Fresh rustix v1.1.4
       Fresh idna_adapter v1.2.2
       Fresh block-buffer v0.12.1
       Fresh crypto-common v0.2.2
       Fresh zstd-sys v2.0.16+zstd.1.5.7
       Fresh hashbrown v0.14.5
       Fresh fdeflate v0.3.7
       Fresh thiserror-impl v2.0.18
       Fresh rand_core v0.6.4
       Fresh idna v1.1.0
       Fresh nom v8.0.0
       Fresh weezl v0.1.12
       Fresh zune-core v0.5.3
       Fresh lazy_static v1.5.0
       Fresh color_quant v1.1.0
       Fresh const-oid v0.10.2
       Fresh tinyvec_macros v0.1.1
       Fresh pxfm v0.1.30
       Fresh bumpalo v3.20.2
       Fresh byteorder-lite v0.1.0
       Fresh log v0.4.29
       Fresh quick-error v2.0.1
       Fresh moxcms v0.8.1
       Fresh fraction v0.15.3
       Fresh iso8601 v0.6.3
       Fresh url v2.5.4
       Fresh zune-jpeg v0.5.15
       Fresh gif v0.14.2
       Fresh image-webp v0.2.4
       Fresh zopfli v0.8.3
       Fresh digest v0.11.3
       Fresh tinyvec v1.8.0
       Fresh zstd-safe v7.2.4
       Fresh hashlink v0.9.1
       Fresh rand_chacha v0.3.1
       Fresh png v0.18.1
       Fresh thiserror v2.0.18
       Fresh parking_lot v0.12.3
       Fresh libsqlite3-sys v0.30.1
       Fresh fancy-regex v0.13.0
       Fresh time v0.3.47
       Fresh serde_json v1.0.149
       Fresh xattr v1.6.1
       Fresh prost-derive v0.13.5
       Fresh regex v1.11.1
       Fresh filetime v0.2.27
       Fresh cpufeatures v0.3.0
       Fresh bytecount v0.6.9
       Fresh fallible-iterator v0.3.0
       Fresh utf8-width v0.1.8
       Fresh bytes v1.11.1
       Fresh uuid v1.23.0
       Fresh ryu v1.0.18
       Fresh unsafe-libyaml v0.2.11
       Fresh bytemuck v1.25.2
       Fresh constant_time_eq v0.4.2
       Fresh num-cmp v0.1.0
       Fresh arrayvec v0.7.6
       Fresh arrayref v0.3.9
       Fresh base64 v0.22.1
       Fresh fallible-streaming-iterator v0.1.9
       Fresh sha1 v0.11.0
       Fresh prost v0.13.5
       Fresh rusqlite v0.32.1
       Fresh jsonschema v0.18.3
       Fresh blake3 v1.8.4
       Fresh image v0.25.10
       Fresh serde_yaml v0.9.34+deprecated
       Fresh html-escape v0.2.13
       Fresh tar v0.4.45
       Fresh unicase v2.6.0
       Fresh unicode-normalization v0.1.24
       Fresh rand v0.8.8
       Fresh zip v2.4.2
       Fresh zstd v0.13.3
       Fresh imagesize v0.13.0
       Fresh same-file v1.0.6
       Fresh mime v0.3.17
       Fresh hex v0.4.3
       Fresh rand_core v0.9.5
       Fresh wait-timeout v0.2.1
       Fresh bit-vec v0.8.0
       Fresh quick-error v1.2.3
       Dirty ankiforge v0.2.0 (/Users/hp/Desktop/2026/anki-forge/anki_forge): the file `anki_forge/src/build_api/pipeline.rs` has changed (1790948086.969339588s, 33m 39s after last build at 1790946067.072291574s)
   Compiling ankiforge v0.2.0 (/Users/hp/Desktop/2026/anki-forge/anki_forge)
       Fresh fnv v1.0.7
       Fresh rand_chacha v0.9.0
       Fresh rand v0.9.4
       Fresh bit-set v0.8.0
       Fresh rand_xorshift v0.4.0
       Fresh unarray v0.1.4
       Fresh heck v0.5.0
       Fresh utf8parse v0.2.2
       Fresh rusty-fork v0.3.1
       Fresh anstyle-parse v0.2.7
       Fresh semver v1.0.28
       Fresh is_terminal_polyfill v1.70.2
       Fresh anstyle-query v1.1.5
       Fresh anstyle v1.0.14
       Fresh colorchoice v1.0.5
       Fresh proptest v1.11.0
       Fresh anstream v0.6.21
       Fresh proc-macro2 v1.0.106
       Fresh clap_lex v0.7.7
       Fresh strsim v0.11.1
       Fresh clap_derive v4.5.18
       Fresh futures-sink v0.3.34
       Fresh quote v1.0.44
       Fresh clap_builder v4.5.20
       Fresh napi-build v2.4.1
       Fresh futures-core v0.3.34
       Fresh pin-project-lite v0.2.17
       Fresh futures-macro v0.3.34
       Fresh futures-io v0.3.34
       Fresh slab v0.4.12
       Fresh syn v2.0.115
       Fresh clap v4.5.20
       Fresh target-lexicon v0.13.5
       Fresh futures-channel v0.3.34
       Fresh futures-task v0.3.34
       Fresh unicode-segmentation v1.13.3
       Fresh pyo3-macros-backend v0.29.2
       Fresh libloading v0.9.0
       Fresh pyo3-build-config v0.29.2
       Fresh futures-util v0.3.34
       Fresh convert_case v0.11.0
       Fresh ctor v1.0.13
       Fresh napi-sys v3.3.0
       Fresh pyo3-macros v0.29.2
       Fresh tokio v1.52.3
       Fresh futures-executor v0.3.34
       Fresh napi-derive-backend v6.1.2
       Fresh rustc-hash v2.1.3
       Fresh nohash-hasher v0.2.0
       Fresh futures v0.3.34
       Fresh napi-derive v3.6.3
     Running `/Users/hp/.rustup/toolchains/1.92.0-aarch64-apple-darwin/bin/rustc --crate-name ankiforge --edition=2021 anki_forge/src/lib.rs --error-format=json --json=diagnostic-rendered-ansi,artifacts,future-incompat --emit=dep-info,link -C embed-bitcode=no -C debuginfo=2 -C split-debuginfo=unpacked --forbid=unsafe_code --test --cfg 'feature="default"' --cfg 'feature="internal-tools"' --check-cfg 'cfg(docsrs,test)' --check-cfg 'cfg(feature, values("default", "internal-tools"))' -C metadata=b279bd26bda36f11 -C extra-filename=-93cbc92c9260b781 --out-dir /Users/hp/Desktop/2026/anki-forge/target/debug/deps -C incremental=/Users/hp/Desktop/2026/anki-forge/target/debug/incremental -L dependency=/Users/hp/Desktop/2026/anki-forge/target/debug/deps --extern anyhow=/Users/hp/Desktop/2026/anki-forge/target/debug/deps/libanyhow-403bb8d72015634b.rlib --extern base64=/Users/hp/Desktop/2026/anki-forge/target/debug/deps/libbase64-80c574e62179e036.rlib --extern blake3=/Users/hp/Desktop/2026/anki-forge/target/debug/deps/libblake3-24958e25ae0d2411.rlib --extern crc32fast=/Users/hp/Desktop/2026/anki-forge/target/debug/deps/libcrc32fast-58c8b7e40d38fc4b.rlib --extern flate2=/Users/hp/Desktop/2026/anki-forge/target/debug/deps/libflate2-2802d3062f98c51c.rlib --extern hex=/Users/hp/Desktop/2026/anki-forge/target/debug/deps/libhex-3dca52aca8dcd8c9.rlib --extern html_escape=/Users/hp/Desktop/2026/anki-forge/target/debug/deps/libhtml_escape-e3c085ed350ccb58.rlib --extern image=/Users/hp/Desktop/2026/anki-forge/target/debug/deps/libimage-4a807564eb732bd1.rlib --extern imagesize=/Users/hp/Desktop/2026/anki-forge/target/debug/deps/libimagesize-93a183a70ec0270d.rlib --extern jsonschema=/Users/hp/Desktop/2026/anki-forge/target/debug/deps/libjsonschema-a39f8968116b4bbd.rlib --extern mime=/Users/hp/Desktop/2026/anki-forge/target/debug/deps/libmime-4d10f548eb0f4473.rlib --extern proptest=/Users/hp/Desktop/2026/anki-forge/target/debug/deps/libproptest-d399eacdec501536.rlib --extern prost=/Users/hp/Desktop/2026/anki-forge/target/debug/deps/libprost-3d0f5bdb20156157.rlib --extern rand=/Users/hp/Desktop/2026/anki-forge/target/debug/deps/librand-e1c1a274086e5ae7.rlib --extern rusqlite=/Users/hp/Desktop/2026/anki-forge/target/debug/deps/librusqlite-32f84f393a7c3129.rlib --extern rustix=/Users/hp/Desktop/2026/anki-forge/target/debug/deps/librustix-a916b6450ee806df.rlib --extern same_file=/Users/hp/Desktop/2026/anki-forge/target/debug/deps/libsame_file-3850703a028eaa69.rlib --extern serde=/Users/hp/Desktop/2026/anki-forge/target/debug/deps/libserde-9ec1e78b4b5d0ee7.rlib --extern serde_json=/Users/hp/Desktop/2026/anki-forge/target/debug/deps/libserde_json-dd90be139089220c.rlib --extern serde_yaml=/Users/hp/Desktop/2026/anki-forge/target/debug/deps/libserde_yaml-1cea46448a61c91a.rlib --extern sha1=/Users/hp/Desktop/2026/anki-forge/target/debug/deps/libsha1-b3307e50b0a4dd21.rlib --extern tar=/Users/hp/Desktop/2026/anki-forge/target/debug/deps/libtar-e8452efe9c10b6ce.rlib --extern tempfile=/Users/hp/Desktop/2026/anki-forge/target/debug/deps/libtempfile-38023131a295c674.rlib --extern unicase=/Users/hp/Desktop/2026/anki-forge/target/debug/deps/libunicase-36082f46f7a1b408.rlib --extern unicode_normalization=/Users/hp/Desktop/2026/anki-forge/target/debug/deps/libunicode_normalization-5c250c5de084f684.rlib --extern url=/Users/hp/Desktop/2026/anki-forge/target/debug/deps/liburl-8812bf27633e933a.rlib --extern zip=/Users/hp/Desktop/2026/anki-forge/target/debug/deps/libzip-e3a2aeb1cdb2fffe.rlib --extern zstd=/Users/hp/Desktop/2026/anki-forge/target/debug/deps/libzstd-2d4f4f96c801ed7a.rlib -L native=/Users/hp/Desktop/2026/anki-forge/target/debug/build/blake3-c06daab911a0c52a/out -L native=/Users/hp/Desktop/2026/anki-forge/target/debug/build/libsqlite3-sys-4db63674929bf6f6/out -L native=/Users/hp/Desktop/2026/anki-forge/target/debug/build/zstd-sys-07172dd2be32eeae/out`
       Fresh pyo3-ffi v0.29.2
       Fresh napi v3.12.2
       Fresh pyo3 v0.29.2
     Running `/Users/hp/.rustup/toolchains/1.92.0-aarch64-apple-darwin/bin/rustc --crate-name ankiforge --edition=2021 anki_forge/src/lib.rs --error-format=json --json=diagnostic-rendered-ansi,artifacts,future-incompat --crate-type lib --emit=dep-info,metadata,link -C embed-bitcode=no -C debuginfo=2 -C split-debuginfo=unpacked --forbid=unsafe_code --cfg 'feature="default"' --cfg 'feature="internal-tools"' --check-cfg 'cfg(docsrs,test)' --check-cfg 'cfg(feature, values("default", "internal-tools"))' -C metadata=68d6933812db4a48 -C extra-filename=-6a4058180a8d8736 --out-dir /Users/hp/Desktop/2026/anki-forge/target/debug/deps -C incremental=/Users/hp/Desktop/2026/anki-forge/target/debug/incremental -L dependency=/Users/hp/Desktop/2026/anki-forge/target/debug/deps --extern anyhow=/Users/hp/Desktop/2026/anki-forge/target/debug/deps/libanyhow-403bb8d72015634b.rmeta --extern base64=/Users/hp/Desktop/2026/anki-forge/target/debug/deps/libbase64-80c574e62179e036.rmeta --extern blake3=/Users/hp/Desktop/2026/anki-forge/target/debug/deps/libblake3-24958e25ae0d2411.rmeta --extern crc32fast=/Users/hp/Desktop/2026/anki-forge/target/debug/deps/libcrc32fast-58c8b7e40d38fc4b.rmeta --extern flate2=/Users/hp/Desktop/2026/anki-forge/target/debug/deps/libflate2-2802d3062f98c51c.rmeta --extern hex=/Users/hp/Desktop/2026/anki-forge/target/debug/deps/libhex-3dca52aca8dcd8c9.rmeta --extern html_escape=/Users/hp/Desktop/2026/anki-forge/target/debug/deps/libhtml_escape-e3c085ed350ccb58.rmeta --extern image=/Users/hp/Desktop/2026/anki-forge/target/debug/deps/libimage-4a807564eb732bd1.rmeta --extern imagesize=/Users/hp/Desktop/2026/anki-forge/target/debug/deps/libimagesize-93a183a70ec0270d.rmeta --extern jsonschema=/Users/hp/Desktop/2026/anki-forge/target/debug/deps/libjsonschema-a39f8968116b4bbd.rmeta --extern mime=/Users/hp/Desktop/2026/anki-forge/target/debug/deps/libmime-4d10f548eb0f4473.rmeta --extern prost=/Users/hp/Desktop/2026/anki-forge/target/debug/deps/libprost-3d0f5bdb20156157.rmeta --extern rand=/Users/hp/Desktop/2026/anki-forge/target/debug/deps/librand-e1c1a274086e5ae7.rmeta --extern rusqlite=/Users/hp/Desktop/2026/anki-forge/target/debug/deps/librusqlite-32f84f393a7c3129.rmeta --extern rustix=/Users/hp/Desktop/2026/anki-forge/target/debug/deps/librustix-a916b6450ee806df.rmeta --extern same_file=/Users/hp/Desktop/2026/anki-forge/target/debug/deps/libsame_file-3850703a028eaa69.rmeta --extern serde=/Users/hp/Desktop/2026/anki-forge/target/debug/deps/libserde-9ec1e78b4b5d0ee7.rmeta --extern serde_json=/Users/hp/Desktop/2026/anki-forge/target/debug/deps/libserde_json-dd90be139089220c.rmeta --extern serde_yaml=/Users/hp/Desktop/2026/anki-forge/target/debug/deps/libserde_yaml-1cea46448a61c91a.rmeta --extern sha1=/Users/hp/Desktop/2026/anki-forge/target/debug/deps/libsha1-b3307e50b0a4dd21.rmeta --extern tar=/Users/hp/Desktop/2026/anki-forge/target/debug/deps/libtar-e8452efe9c10b6ce.rmeta --extern tempfile=/Users/hp/Desktop/2026/anki-forge/target/debug/deps/libtempfile-38023131a295c674.rmeta --extern unicase=/Users/hp/Desktop/2026/anki-forge/target/debug/deps/libunicase-36082f46f7a1b408.rmeta --extern unicode_normalization=/Users/hp/Desktop/2026/anki-forge/target/debug/deps/libunicode_normalization-5c250c5de084f684.rmeta --extern url=/Users/hp/Desktop/2026/anki-forge/target/debug/deps/liburl-8812bf27633e933a.rmeta --extern zip=/Users/hp/Desktop/2026/anki-forge/target/debug/deps/libzip-e3a2aeb1cdb2fffe.rmeta --extern zstd=/Users/hp/Desktop/2026/anki-forge/target/debug/deps/libzstd-2d4f4f96c801ed7a.rmeta -L native=/Users/hp/Desktop/2026/anki-forge/target/debug/build/blake3-c06daab911a0c52a/out -L native=/Users/hp/Desktop/2026/anki-forge/target/debug/build/libsqlite3-sys-4db63674929bf6f6/out -L native=/Users/hp/Desktop/2026/anki-forge/target/debug/build/zstd-sys-07172dd2be32eeae/out`
       Dirty contract_tools v0.1.0 (/Users/hp/Desktop/2026/anki-forge/contract_tools): the dependency ankiforge was rebuilt
   Compiling contract_tools v0.1.0 (/Users/hp/Desktop/2026/anki-forge/contract_tools)
     Running `/Users/hp/.rustup/toolchains/1.92.0-aarch64-apple-darwin/bin/rustc --crate-name contract_tools --edition=2021 contract_tools/src/lib.rs --error-format=json --json=diagnostic-rendered-ansi,artifacts,future-incompat --crate-type lib --emit=dep-info,metadata,link -C embed-bitcode=no -C debuginfo=2 -C split-debuginfo=unpacked --forbid=unsafe_code --check-cfg 'cfg(docsrs,test)' --check-cfg 'cfg(feature, values())' -C metadata=75f2302be464766b -C extra-filename=-a9b29afae1496449 --out-dir /Users/hp/Desktop/2026/anki-forge/target/debug/deps -C incremental=/Users/hp/Desktop/2026/anki-forge/target/debug/incremental -L dependency=/Users/hp/Desktop/2026/anki-forge/target/debug/deps --extern ankiforge=/Users/hp/Desktop/2026/anki-forge/target/debug/deps/libankiforge-6a4058180a8d8736.rmeta --extern anyhow=/Users/hp/Desktop/2026/anki-forge/target/debug/deps/libanyhow-403bb8d72015634b.rmeta --extern blake3=/Users/hp/Desktop/2026/anki-forge/target/debug/deps/libblake3-24958e25ae0d2411.rmeta --extern clap=/Users/hp/Desktop/2026/anki-forge/target/debug/deps/libclap-81c07679b9c4e00d.rmeta --extern flate2=/Users/hp/Desktop/2026/anki-forge/target/debug/deps/libflate2-2802d3062f98c51c.rmeta --extern html_escape=/Users/hp/Desktop/2026/anki-forge/target/debug/deps/libhtml_escape-e3c085ed350ccb58.rmeta --extern jsonschema=/Users/hp/Desktop/2026/anki-forge/target/debug/deps/libjsonschema-a39f8968116b4bbd.rmeta --extern proc_macro2=/Users/hp/Desktop/2026/anki-forge/target/debug/deps/libproc_macro2-5923306382b6e875.rmeta --extern prost=/Users/hp/Desktop/2026/anki-forge/target/debug/deps/libprost-3d0f5bdb20156157.rmeta --extern rusqlite=/Users/hp/Desktop/2026/anki-forge/target/debug/deps/librusqlite-32f84f393a7c3129.rmeta --extern same_file=/Users/hp/Desktop/2026/anki-forge/target/debug/deps/libsame_file-3850703a028eaa69.rmeta --extern semver=/Users/hp/Desktop/2026/anki-forge/target/debug/deps/libsemver-31f9d330b41e8a46.rmeta --extern serde=/Users/hp/Desktop/2026/anki-forge/target/debug/deps/libserde-9ec1e78b4b5d0ee7.rmeta --extern serde_json=/Users/hp/Desktop/2026/anki-forge/target/debug/deps/libserde_json-dd90be139089220c.rmeta --extern serde_yaml=/Users/hp/Desktop/2026/anki-forge/target/debug/deps/libserde_yaml-1cea46448a61c91a.rmeta --extern sha1=/Users/hp/Desktop/2026/anki-forge/target/debug/deps/libsha1-b3307e50b0a4dd21.rmeta --extern syn=/Users/hp/Desktop/2026/anki-forge/target/debug/deps/libsyn-ed0dddf67a1f9f25.rmeta --extern tar=/Users/hp/Desktop/2026/anki-forge/target/debug/deps/libtar-e8452efe9c10b6ce.rmeta --extern tempfile=/Users/hp/Desktop/2026/anki-forge/target/debug/deps/libtempfile-38023131a295c674.rmeta --extern url=/Users/hp/Desktop/2026/anki-forge/target/debug/deps/liburl-8812bf27633e933a.rmeta --extern zip=/Users/hp/Desktop/2026/anki-forge/target/debug/deps/libzip-e3a2aeb1cdb2fffe.rmeta --extern zstd=/Users/hp/Desktop/2026/anki-forge/target/debug/deps/libzstd-2d4f4f96c801ed7a.rmeta -L native=/Users/hp/Desktop/2026/anki-forge/target/debug/build/blake3-c06daab911a0c52a/out -L native=/Users/hp/Desktop/2026/anki-forge/target/debug/build/libsqlite3-sys-4db63674929bf6f6/out -L native=/Users/hp/Desktop/2026/anki-forge/target/debug/build/zstd-sys-07172dd2be32eeae/out`
     Running `/Users/hp/.rustup/toolchains/1.92.0-aarch64-apple-darwin/bin/rustc --crate-name custom_notetype_api_tests --edition=2021 anki_forge/tests/custom_notetype_api_tests.rs --error-format=json --json=diagnostic-rendered-ansi,artifacts,future-incompat --emit=dep-info,link -C embed-bitcode=no -C debuginfo=2 -C split-debuginfo=unpacked --forbid=unsafe_code --test --cfg 'feature="default"' --cfg 'feature="internal-tools"' --check-cfg 'cfg(docsrs,test)' --check-cfg 'cfg(feature, values("default", "internal-tools"))' -C metadata=4db91631b29c418e -C extra-filename=-5ba60b6553d554de --out-dir /Users/hp/Desktop/2026/anki-forge/target/debug/deps -C incremental=/Users/hp/Desktop/2026/anki-forge/target/debug/incremental -L dependency=/Users/hp/Desktop/2026/anki-forge/target/debug/deps --extern ankiforge=/Users/hp/Desktop/2026/anki-forge/target/debug/deps/libankiforge-6a4058180a8d8736.rlib --extern anyhow=/Users/hp/Desktop/2026/anki-forge/target/debug/deps/libanyhow-403bb8d72015634b.rlib --extern base64=/Users/hp/Desktop/2026/anki-forge/target/debug/deps/libbase64-80c574e62179e036.rlib --extern blake3=/Users/hp/Desktop/2026/anki-forge/target/debug/deps/libblake3-24958e25ae0d2411.rlib --extern crc32fast=/Users/hp/Desktop/2026/anki-forge/target/debug/deps/libcrc32fast-58c8b7e40d38fc4b.rlib --extern flate2=/Users/hp/Desktop/2026/anki-forge/target/debug/deps/libflate2-2802d3062f98c51c.rlib --extern hex=/Users/hp/Desktop/2026/anki-forge/target/debug/deps/libhex-3dca52aca8dcd8c9.rlib --extern html_escape=/Users/hp/Desktop/2026/anki-forge/target/debug/deps/libhtml_escape-e3c085ed350ccb58.rlib --extern image=/Users/hp/Desktop/2026/anki-forge/target/debug/deps/libimage-4a807564eb732bd1.rlib --extern imagesize=/Users/hp/Desktop/2026/anki-forge/target/debug/deps/libimagesize-93a183a70ec0270d.rlib --extern jsonschema=/Users/hp/Desktop/2026/anki-forge/target/debug/deps/libjsonschema-a39f8968116b4bbd.rlib --extern mime=/Users/hp/Desktop/2026/anki-forge/target/debug/deps/libmime-4d10f548eb0f4473.rlib --extern proptest=/Users/hp/Desktop/2026/anki-forge/target/debug/deps/libproptest-d399eacdec501536.rlib --extern prost=/Users/hp/Desktop/2026/anki-forge/target/debug/deps/libprost-3d0f5bdb20156157.rlib --extern rand=/Users/hp/Desktop/2026/anki-forge/target/debug/deps/librand-e1c1a274086e5ae7.rlib --extern rusqlite=/Users/hp/Desktop/2026/anki-forge/target/debug/deps/librusqlite-32f84f393a7c3129.rlib --extern rustix=/Users/hp/Desktop/2026/anki-forge/target/debug/deps/librustix-a916b6450ee806df.rlib --extern same_file=/Users/hp/Desktop/2026/anki-forge/target/debug/deps/libsame_file-3850703a028eaa69.rlib --extern serde=/Users/hp/Desktop/2026/anki-forge/target/debug/deps/libserde-9ec1e78b4b5d0ee7.rlib --extern serde_json=/Users/hp/Desktop/2026/anki-forge/target/debug/deps/libserde_json-dd90be139089220c.rlib --extern serde_yaml=/Users/hp/Desktop/2026/anki-forge/target/debug/deps/libserde_yaml-1cea46448a61c91a.rlib --extern sha1=/Users/hp/Desktop/2026/anki-forge/target/debug/deps/libsha1-b3307e50b0a4dd21.rlib --extern tar=/Users/hp/Desktop/2026/anki-forge/target/debug/deps/libtar-e8452efe9c10b6ce.rlib --extern tempfile=/Users/hp/Desktop/2026/anki-forge/target/debug/deps/libtempfile-38023131a295c674.rlib --extern unicase=/Users/hp/Desktop/2026/anki-forge/target/debug/deps/libunicase-36082f46f7a1b408.rlib --extern unicode_normalization=/Users/hp/Desktop/2026/anki-forge/target/debug/deps/libunicode_normalization-5c250c5de084f684.rlib --extern url=/Users/hp/Desktop/2026/anki-forge/target/debug/deps/liburl-8812bf27633e933a.rlib --extern zip=/Users/hp/Desktop/2026/anki-forge/target/debug/deps/libzip-e3a2aeb1cdb2fffe.rlib --extern zstd=/Users/hp/Desktop/2026/anki-forge/target/debug/deps/libzstd-2d4f4f96c801ed7a.rlib -L native=/Users/hp/Desktop/2026/anki-forge/target/debug/build/blake3-c06daab911a0c52a/out -L native=/Users/hp/Desktop/2026/anki-forge/target/debug/build/libsqlite3-sys-4db63674929bf6f6/out -L native=/Users/hp/Desktop/2026/anki-forge/target/debug/build/zstd-sys-07172dd2be32eeae/out`
     Running `/Users/hp/.rustup/toolchains/1.92.0-aarch64-apple-darwin/bin/rustc --crate-name governance_tests --edition=2021 contract_tools/tests/governance_tests.rs --error-format=json --json=diagnostic-rendered-ansi,artifacts,future-incompat --emit=dep-info,link -C embed-bitcode=no -C debuginfo=2 -C split-debuginfo=unpacked --forbid=unsafe_code --test --check-cfg 'cfg(docsrs,test)' --check-cfg 'cfg(feature, values())' -C metadata=d9feabf9ffc0972f -C extra-filename=-65cddcfff9edd165 --out-dir /Users/hp/Desktop/2026/anki-forge/target/debug/deps -C incremental=/Users/hp/Desktop/2026/anki-forge/target/debug/incremental -L dependency=/Users/hp/Desktop/2026/anki-forge/target/debug/deps --extern ankiforge=/Users/hp/Desktop/2026/anki-forge/target/debug/deps/libankiforge-6a4058180a8d8736.rlib --extern anyhow=/Users/hp/Desktop/2026/anki-forge/target/debug/deps/libanyhow-403bb8d72015634b.rlib --extern blake3=/Users/hp/Desktop/2026/anki-forge/target/debug/deps/libblake3-24958e25ae0d2411.rlib --extern clap=/Users/hp/Desktop/2026/anki-forge/target/debug/deps/libclap-81c07679b9c4e00d.rlib --extern contract_tools=/Users/hp/Desktop/2026/anki-forge/target/debug/deps/libcontract_tools-a9b29afae1496449.rlib --extern flate2=/Users/hp/Desktop/2026/anki-forge/target/debug/deps/libflate2-2802d3062f98c51c.rlib --extern html_escape=/Users/hp/Desktop/2026/anki-forge/target/debug/deps/libhtml_escape-e3c085ed350ccb58.rlib --extern jsonschema=/Users/hp/Desktop/2026/anki-forge/target/debug/deps/libjsonschema-a39f8968116b4bbd.rlib --extern proc_macro2=/Users/hp/Desktop/2026/anki-forge/target/debug/deps/libproc_macro2-5923306382b6e875.rlib --extern prost=/Users/hp/Desktop/2026/anki-forge/target/debug/deps/libprost-3d0f5bdb20156157.rlib --extern rusqlite=/Users/hp/Desktop/2026/anki-forge/target/debug/deps/librusqlite-32f84f393a7c3129.rlib --extern same_file=/Users/hp/Desktop/2026/anki-forge/target/debug/deps/libsame_file-3850703a028eaa69.rlib --extern semver=/Users/hp/Desktop/2026/anki-forge/target/debug/deps/libsemver-31f9d330b41e8a46.rlib --extern serde=/Users/hp/Desktop/2026/anki-forge/target/debug/deps/libserde-9ec1e78b4b5d0ee7.rlib --extern serde_json=/Users/hp/Desktop/2026/anki-forge/target/debug/deps/libserde_json-dd90be139089220c.rlib --extern serde_yaml=/Users/hp/Desktop/2026/anki-forge/target/debug/deps/libserde_yaml-1cea46448a61c91a.rlib --extern sha1=/Users/hp/Desktop/2026/anki-forge/target/debug/deps/libsha1-b3307e50b0a4dd21.rlib --extern syn=/Users/hp/Desktop/2026/anki-forge/target/debug/deps/libsyn-ed0dddf67a1f9f25.rlib --extern tar=/Users/hp/Desktop/2026/anki-forge/target/debug/deps/libtar-e8452efe9c10b6ce.rlib --extern tempfile=/Users/hp/Desktop/2026/anki-forge/target/debug/deps/libtempfile-38023131a295c674.rlib --extern url=/Users/hp/Desktop/2026/anki-forge/target/debug/deps/liburl-8812bf27633e933a.rlib --extern zip=/Users/hp/Desktop/2026/anki-forge/target/debug/deps/libzip-e3a2aeb1cdb2fffe.rlib --extern zstd=/Users/hp/Desktop/2026/anki-forge/target/debug/deps/libzstd-2d4f4f96c801ed7a.rlib -L native=/Users/hp/Desktop/2026/anki-forge/target/debug/build/blake3-c06daab911a0c52a/out -L native=/Users/hp/Desktop/2026/anki-forge/target/debug/build/libsqlite3-sys-4db63674929bf6f6/out -L native=/Users/hp/Desktop/2026/anki-forge/target/debug/build/zstd-sys-07172dd2be32eeae/out`
     Running `/Users/hp/.rustup/toolchains/1.92.0-aarch64-apple-darwin/bin/rustc --crate-name typed_core_tests --edition=2021 anki_forge/tests/typed_core_tests.rs --error-format=json --json=diagnostic-rendered-ansi,artifacts,future-incompat --emit=dep-info,link -C embed-bitcode=no -C debuginfo=2 -C split-debuginfo=unpacked --forbid=unsafe_code --test --cfg 'feature="default"' --cfg 'feature="internal-tools"' --check-cfg 'cfg(docsrs,test)' --check-cfg 'cfg(feature, values("default", "internal-tools"))' -C metadata=429fd82dda8401b2 -C extra-filename=-a43dd7e24d178bf1 --out-dir /Users/hp/Desktop/2026/anki-forge/target/debug/deps -C incremental=/Users/hp/Desktop/2026/anki-forge/target/debug/incremental -L dependency=/Users/hp/Desktop/2026/anki-forge/target/debug/deps --extern ankiforge=/Users/hp/Desktop/2026/anki-forge/target/debug/deps/libankiforge-6a4058180a8d8736.rlib --extern anyhow=/Users/hp/Desktop/2026/anki-forge/target/debug/deps/libanyhow-403bb8d72015634b.rlib --extern base64=/Users/hp/Desktop/2026/anki-forge/target/debug/deps/libbase64-80c574e62179e036.rlib --extern blake3=/Users/hp/Desktop/2026/anki-forge/target/debug/deps/libblake3-24958e25ae0d2411.rlib --extern crc32fast=/Users/hp/Desktop/2026/anki-forge/target/debug/deps/libcrc32fast-58c8b7e40d38fc4b.rlib --extern flate2=/Users/hp/Desktop/2026/anki-forge/target/debug/deps/libflate2-2802d3062f98c51c.rlib --extern hex=/Users/hp/Desktop/2026/anki-forge/target/debug/deps/libhex-3dca52aca8dcd8c9.rlib --extern html_escape=/Users/hp/Desktop/2026/anki-forge/target/debug/deps/libhtml_escape-e3c085ed350ccb58.rlib --extern image=/Users/hp/Desktop/2026/anki-forge/target/debug/deps/libimage-4a807564eb732bd1.rlib --extern imagesize=/Users/hp/Desktop/2026/anki-forge/target/debug/deps/libimagesize-93a183a70ec0270d.rlib --extern jsonschema=/Users/hp/Desktop/2026/anki-forge/target/debug/deps/libjsonschema-a39f8968116b4bbd.rlib --extern mime=/Users/hp/Desktop/2026/anki-forge/target/debug/deps/libmime-4d10f548eb0f4473.rlib --extern proptest=/Users/hp/Desktop/2026/anki-forge/target/debug/deps/libproptest-d399eacdec501536.rlib --extern prost=/Users/hp/Desktop/2026/anki-forge/target/debug/deps/libprost-3d0f5bdb20156157.rlib --extern rand=/Users/hp/Desktop/2026/anki-forge/target/debug/deps/librand-e1c1a274086e5ae7.rlib --extern rusqlite=/Users/hp/Desktop/2026/anki-forge/target/debug/deps/librusqlite-32f84f393a7c3129.rlib --extern rustix=/Users/hp/Desktop/2026/anki-forge/target/debug/deps/librustix-a916b6450ee806df.rlib --extern same_file=/Users/hp/Desktop/2026/anki-forge/target/debug/deps/libsame_file-3850703a028eaa69.rlib --extern serde=/Users/hp/Desktop/2026/anki-forge/target/debug/deps/libserde-9ec1e78b4b5d0ee7.rlib --extern serde_json=/Users/hp/Desktop/2026/anki-forge/target/debug/deps/libserde_json-dd90be139089220c.rlib --extern serde_yaml=/Users/hp/Desktop/2026/anki-forge/target/debug/deps/libserde_yaml-1cea46448a61c91a.rlib --extern sha1=/Users/hp/Desktop/2026/anki-forge/target/debug/deps/libsha1-b3307e50b0a4dd21.rlib --extern tar=/Users/hp/Desktop/2026/anki-forge/target/debug/deps/libtar-e8452efe9c10b6ce.rlib --extern tempfile=/Users/hp/Desktop/2026/anki-forge/target/debug/deps/libtempfile-38023131a295c674.rlib --extern unicase=/Users/hp/Desktop/2026/anki-forge/target/debug/deps/libunicase-36082f46f7a1b408.rlib --extern unicode_normalization=/Users/hp/Desktop/2026/anki-forge/target/debug/deps/libunicode_normalization-5c250c5de084f684.rlib --extern url=/Users/hp/Desktop/2026/anki-forge/target/debug/deps/liburl-8812bf27633e933a.rlib --extern zip=/Users/hp/Desktop/2026/anki-forge/target/debug/deps/libzip-e3a2aeb1cdb2fffe.rlib --extern zstd=/Users/hp/Desktop/2026/anki-forge/target/debug/deps/libzstd-2d4f4f96c801ed7a.rlib -L native=/Users/hp/Desktop/2026/anki-forge/target/debug/build/blake3-c06daab911a0c52a/out -L native=/Users/hp/Desktop/2026/anki-forge/target/debug/build/libsqlite3-sys-4db63674929bf6f6/out -L native=/Users/hp/Desktop/2026/anki-forge/target/debug/build/zstd-sys-07172dd2be32eeae/out`
     Running `/Users/hp/.rustup/toolchains/1.92.0-aarch64-apple-darwin/bin/rustc --crate-name product_roundtrip_oracle_prepare --edition=2021 anki_forge/examples/product_roundtrip_oracle_prepare.rs --error-format=json --json=diagnostic-rendered-ansi,artifacts,future-incompat --crate-type bin --emit=dep-info,link -C embed-bitcode=no -C debuginfo=2 -C split-debuginfo=unpacked --forbid=unsafe_code --cfg 'feature="default"' --cfg 'feature="internal-tools"' --check-cfg 'cfg(docsrs,test)' --check-cfg 'cfg(feature, values("default", "internal-tools"))' -C metadata=1d59395ed3aca2c4 -C extra-filename=-992f581229ad09ac --out-dir /Users/hp/Desktop/2026/anki-forge/target/debug/examples -C incremental=/Users/hp/Desktop/2026/anki-forge/target/debug/incremental -L dependency=/Users/hp/Desktop/2026/anki-forge/target/debug/deps --extern ankiforge=/Users/hp/Desktop/2026/anki-forge/target/debug/deps/libankiforge-6a4058180a8d8736.rlib --extern anyhow=/Users/hp/Desktop/2026/anki-forge/target/debug/deps/libanyhow-403bb8d72015634b.rlib --extern base64=/Users/hp/Desktop/2026/anki-forge/target/debug/deps/libbase64-80c574e62179e036.rlib --extern blake3=/Users/hp/Desktop/2026/anki-forge/target/debug/deps/libblake3-24958e25ae0d2411.rlib --extern crc32fast=/Users/hp/Desktop/2026/anki-forge/target/debug/deps/libcrc32fast-58c8b7e40d38fc4b.rlib --extern flate2=/Users/hp/Desktop/2026/anki-forge/target/debug/deps/libflate2-2802d3062f98c51c.rlib --extern hex=/Users/hp/Desktop/2026/anki-forge/target/debug/deps/libhex-3dca52aca8dcd8c9.rlib --extern html_escape=/Users/hp/Desktop/2026/anki-forge/target/debug/deps/libhtml_escape-e3c085ed350ccb58.rlib --extern image=/Users/hp/Desktop/2026/anki-forge/target/debug/deps/libimage-4a807564eb732bd1.rlib --extern imagesize=/Users/hp/Desktop/2026/anki-forge/target/debug/deps/libimagesize-93a183a70ec0270d.rlib --extern jsonschema=/Users/hp/Desktop/2026/anki-forge/target/debug/deps/libjsonschema-a39f8968116b4bbd.rlib --extern mime=/Users/hp/Desktop/2026/anki-forge/target/debug/deps/libmime-4d10f548eb0f4473.rlib --extern proptest=/Users/hp/Desktop/2026/anki-forge/target/debug/deps/libproptest-d399eacdec501536.rlib --extern prost=/Users/hp/Desktop/2026/anki-forge/target/debug/deps/libprost-3d0f5bdb20156157.rlib --extern rand=/Users/hp/Desktop/2026/anki-forge/target/debug/deps/librand-e1c1a274086e5ae7.rlib --extern rusqlite=/Users/hp/Desktop/2026/anki-forge/target/debug/deps/librusqlite-32f84f393a7c3129.rlib --extern rustix=/Users/hp/Desktop/2026/anki-forge/target/debug/deps/librustix-a916b6450ee806df.rlib --extern same_file=/Users/hp/Desktop/2026/anki-forge/target/debug/deps/libsame_file-3850703a028eaa69.rlib --extern serde=/Users/hp/Desktop/2026/anki-forge/target/debug/deps/libserde-9ec1e78b4b5d0ee7.rlib --extern serde_json=/Users/hp/Desktop/2026/anki-forge/target/debug/deps/libserde_json-dd90be139089220c.rlib --extern serde_yaml=/Users/hp/Desktop/2026/anki-forge/target/debug/deps/libserde_yaml-1cea46448a61c91a.rlib --extern sha1=/Users/hp/Desktop/2026/anki-forge/target/debug/deps/libsha1-b3307e50b0a4dd21.rlib --extern tar=/Users/hp/Desktop/2026/anki-forge/target/debug/deps/libtar-e8452efe9c10b6ce.rlib --extern tempfile=/Users/hp/Desktop/2026/anki-forge/target/debug/deps/libtempfile-38023131a295c674.rlib --extern unicase=/Users/hp/Desktop/2026/anki-forge/target/debug/deps/libunicase-36082f46f7a1b408.rlib --extern unicode_normalization=/Users/hp/Desktop/2026/anki-forge/target/debug/deps/libunicode_normalization-5c250c5de084f684.rlib --extern url=/Users/hp/Desktop/2026/anki-forge/target/debug/deps/liburl-8812bf27633e933a.rlib --extern zip=/Users/hp/Desktop/2026/anki-forge/target/debug/deps/libzip-e3a2aeb1cdb2fffe.rlib --extern zstd=/Users/hp/Desktop/2026/anki-forge/target/debug/deps/libzstd-2d4f4f96c801ed7a.rlib -L native=/Users/hp/Desktop/2026/anki-forge/target/debug/build/blake3-c06daab911a0c52a/out -L native=/Users/hp/Desktop/2026/anki-forge/target/debug/build/libsqlite3-sys-4db63674929bf6f6/out -L native=/Users/hp/Desktop/2026/anki-forge/target/debug/build/zstd-sys-07172dd2be32eeae/out`
     Running `/Users/hp/.rustup/toolchains/1.92.0-aarch64-apple-darwin/bin/rustc --crate-name policy_gate_tests --edition=2021 contract_tools/tests/policy_gate_tests.rs --error-format=json --json=diagnostic-rendered-ansi,artifacts,future-incompat --emit=dep-info,link -C embed-bitcode=no -C debuginfo=2 -C split-debuginfo=unpacked --forbid=unsafe_code --test --check-cfg 'cfg(docsrs,test)' --check-cfg 'cfg(feature, values())' -C metadata=a68aaea12f23e366 -C extra-filename=-2037a1dbf0891684 --out-dir /Users/hp/Desktop/2026/anki-forge/target/debug/deps -C incremental=/Users/hp/Desktop/2026/anki-forge/target/debug/incremental -L dependency=/Users/hp/Desktop/2026/anki-forge/target/debug/deps --extern ankiforge=/Users/hp/Desktop/2026/anki-forge/target/debug/deps/libankiforge-6a4058180a8d8736.rlib --extern anyhow=/Users/hp/Desktop/2026/anki-forge/target/debug/deps/libanyhow-403bb8d72015634b.rlib --extern blake3=/Users/hp/Desktop/2026/anki-forge/target/debug/deps/libblake3-24958e25ae0d2411.rlib --extern clap=/Users/hp/Desktop/2026/anki-forge/target/debug/deps/libclap-81c07679b9c4e00d.rlib --extern contract_tools=/Users/hp/Desktop/2026/anki-forge/target/debug/deps/libcontract_tools-a9b29afae1496449.rlib --extern flate2=/Users/hp/Desktop/2026/anki-forge/target/debug/deps/libflate2-2802d3062f98c51c.rlib --extern html_escape=/Users/hp/Desktop/2026/anki-forge/target/debug/deps/libhtml_escape-e3c085ed350ccb58.rlib --extern jsonschema=/Users/hp/Desktop/2026/anki-forge/target/debug/deps/libjsonschema-a39f8968116b4bbd.rlib --extern proc_macro2=/Users/hp/Desktop/2026/anki-forge/target/debug/deps/libproc_macro2-5923306382b6e875.rlib --extern prost=/Users/hp/Desktop/2026/anki-forge/target/debug/deps/libprost-3d0f5bdb20156157.rlib --extern rusqlite=/Users/hp/Desktop/2026/anki-forge/target/debug/deps/librusqlite-32f84f393a7c3129.rlib --extern same_file=/Users/hp/Desktop/2026/anki-forge/target/debug/deps/libsame_file-3850703a028eaa69.rlib --extern semver=/Users/hp/Desktop/2026/anki-forge/target/debug/deps/libsemver-31f9d330b41e8a46.rlib --extern serde=/Users/hp/Desktop/2026/anki-forge/target/debug/deps/libserde-9ec1e78b4b5d0ee7.rlib --extern serde_json=/Users/hp/Desktop/2026/anki-forge/target/debug/deps/libserde_json-dd90be139089220c.rlib --extern serde_yaml=/Users/hp/Desktop/2026/anki-forge/target/debug/deps/libserde_yaml-1cea46448a61c91a.rlib --extern sha1=/Users/hp/Desktop/2026/anki-forge/target/debug/deps/libsha1-b3307e50b0a4dd21.rlib --extern syn=/Users/hp/Desktop/2026/anki-forge/target/debug/deps/libsyn-ed0dddf67a1f9f25.rlib --extern tar=/Users/hp/Desktop/2026/anki-forge/target/debug/deps/libtar-e8452efe9c10b6ce.rlib --extern tempfile=/Users/hp/Desktop/2026/anki-forge/target/debug/deps/libtempfile-38023131a295c674.rlib --extern url=/Users/hp/Desktop/2026/anki-forge/target/debug/deps/liburl-8812bf27633e933a.rlib --extern zip=/Users/hp/Desktop/2026/anki-forge/target/debug/deps/libzip-e3a2aeb1cdb2fffe.rlib --extern zstd=/Users/hp/Desktop/2026/anki-forge/target/debug/deps/libzstd-2d4f4f96c801ed7a.rlib -L native=/Users/hp/Desktop/2026/anki-forge/target/debug/build/blake3-c06daab911a0c52a/out -L native=/Users/hp/Desktop/2026/anki-forge/target/debug/build/libsqlite3-sys-4db63674929bf6f6/out -L native=/Users/hp/Desktop/2026/anki-forge/target/debug/build/zstd-sys-07172dd2be32eeae/out`
     Running `/Users/hp/.rustup/toolchains/1.92.0-aarch64-apple-darwin/bin/rustc --crate-name rust_user_capability_matrix --edition=2021 anki_forge/tests/rust_user_capability_matrix.rs --error-format=json --json=diagnostic-rendered-ansi,artifacts,future-incompat --emit=dep-info,link -C embed-bitcode=no -C debuginfo=2 -C split-debuginfo=unpacked --forbid=unsafe_code --test --cfg 'feature="default"' --cfg 'feature="internal-tools"' --check-cfg 'cfg(docsrs,test)' --check-cfg 'cfg(feature, values("default", "internal-tools"))' -C metadata=bef327ef21a47b84 -C extra-filename=-cfa99658d7e0a4a9 --out-dir /Users/hp/Desktop/2026/anki-forge/target/debug/deps -C incremental=/Users/hp/Desktop/2026/anki-forge/target/debug/incremental -L dependency=/Users/hp/Desktop/2026/anki-forge/target/debug/deps --extern ankiforge=/Users/hp/Desktop/2026/anki-forge/target/debug/deps/libankiforge-6a4058180a8d8736.rlib --extern anyhow=/Users/hp/Desktop/2026/anki-forge/target/debug/deps/libanyhow-403bb8d72015634b.rlib --extern base64=/Users/hp/Desktop/2026/anki-forge/target/debug/deps/libbase64-80c574e62179e036.rlib --extern blake3=/Users/hp/Desktop/2026/anki-forge/target/debug/deps/libblake3-24958e25ae0d2411.rlib --extern crc32fast=/Users/hp/Desktop/2026/anki-forge/target/debug/deps/libcrc32fast-58c8b7e40d38fc4b.rlib --extern flate2=/Users/hp/Desktop/2026/anki-forge/target/debug/deps/libflate2-2802d3062f98c51c.rlib --extern hex=/Users/hp/Desktop/2026/anki-forge/target/debug/deps/libhex-3dca52aca8dcd8c9.rlib --extern html_escape=/Users/hp/Desktop/2026/anki-forge/target/debug/deps/libhtml_escape-e3c085ed350ccb58.rlib --extern image=/Users/hp/Desktop/2026/anki-forge/target/debug/deps/libimage-4a807564eb732bd1.rlib --extern imagesize=/Users/hp/Desktop/2026/anki-forge/target/debug/deps/libimagesize-93a183a70ec0270d.rlib --extern jsonschema=/Users/hp/Desktop/2026/anki-forge/target/debug/deps/libjsonschema-a39f8968116b4bbd.rlib --extern mime=/Users/hp/Desktop/2026/anki-forge/target/debug/deps/libmime-4d10f548eb0f4473.rlib --extern proptest=/Users/hp/Desktop/2026/anki-forge/target/debug/deps/libproptest-d399eacdec501536.rlib --extern prost=/Users/hp/Desktop/2026/anki-forge/target/debug/deps/libprost-3d0f5bdb20156157.rlib --extern rand=/Users/hp/Desktop/2026/anki-forge/target/debug/deps/librand-e1c1a274086e5ae7.rlib --extern rusqlite=/Users/hp/Desktop/2026/anki-forge/target/debug/deps/librusqlite-32f84f393a7c3129.rlib --extern rustix=/Users/hp/Desktop/2026/anki-forge/target/debug/deps/librustix-a916b6450ee806df.rlib --extern same_file=/Users/hp/Desktop/2026/anki-forge/target/debug/deps/libsame_file-3850703a028eaa69.rlib --extern serde=/Users/hp/Desktop/2026/anki-forge/target/debug/deps/libserde-9ec1e78b4b5d0ee7.rlib --extern serde_json=/Users/hp/Desktop/2026/anki-forge/target/debug/deps/libserde_json-dd90be139089220c.rlib --extern serde_yaml=/Users/hp/Desktop/2026/anki-forge/target/debug/deps/libserde_yaml-1cea46448a61c91a.rlib --extern sha1=/Users/hp/Desktop/2026/anki-forge/target/debug/deps/libsha1-b3307e50b0a4dd21.rlib --extern tar=/Users/hp/Desktop/2026/anki-forge/target/debug/deps/libtar-e8452efe9c10b6ce.rlib --extern tempfile=/Users/hp/Desktop/2026/anki-forge/target/debug/deps/libtempfile-38023131a295c674.rlib --extern unicase=/Users/hp/Desktop/2026/anki-forge/target/debug/deps/libunicase-36082f46f7a1b408.rlib --extern unicode_normalization=/Users/hp/Desktop/2026/anki-forge/target/debug/deps/libunicode_normalization-5c250c5de084f684.rlib --extern url=/Users/hp/Desktop/2026/anki-forge/target/debug/deps/liburl-8812bf27633e933a.rlib --extern zip=/Users/hp/Desktop/2026/anki-forge/target/debug/deps/libzip-e3a2aeb1cdb2fffe.rlib --extern zstd=/Users/hp/Desktop/2026/anki-forge/target/debug/deps/libzstd-2d4f4f96c801ed7a.rlib -L native=/Users/hp/Desktop/2026/anki-forge/target/debug/build/blake3-c06daab911a0c52a/out -L native=/Users/hp/Desktop/2026/anki-forge/target/debug/build/libsqlite3-sys-4db63674929bf6f6/out -L native=/Users/hp/Desktop/2026/anki-forge/target/debug/build/zstd-sys-07172dd2be32eeae/out`
     Running `/Users/hp/.rustup/toolchains/1.92.0-aarch64-apple-darwin/bin/rustc --crate-name minimal_flow --edition=2021 anki_forge/examples/minimal_flow.rs --error-format=json --json=diagnostic-rendered-ansi,artifacts,future-incompat --crate-type bin --emit=dep-info,link -C embed-bitcode=no -C debuginfo=2 -C split-debuginfo=unpacked --forbid=unsafe_code --cfg 'feature="default"' --cfg 'feature="internal-tools"' --check-cfg 'cfg(docsrs,test)' --check-cfg 'cfg(feature, values("default", "internal-tools"))' -C metadata=bf4556aa110ccb14 -C extra-filename=-45dd697c0d92e740 --out-dir /Users/hp/Desktop/2026/anki-forge/target/debug/examples -C incremental=/Users/hp/Desktop/2026/anki-forge/target/debug/incremental -L dependency=/Users/hp/Desktop/2026/anki-forge/target/debug/deps --extern ankiforge=/Users/hp/Desktop/2026/anki-forge/target/debug/deps/libankiforge-6a4058180a8d8736.rlib --extern anyhow=/Users/hp/Desktop/2026/anki-forge/target/debug/deps/libanyhow-403bb8d72015634b.rlib --extern base64=/Users/hp/Desktop/2026/anki-forge/target/debug/deps/libbase64-80c574e62179e036.rlib --extern blake3=/Users/hp/Desktop/2026/anki-forge/target/debug/deps/libblake3-24958e25ae0d2411.rlib --extern crc32fast=/Users/hp/Desktop/2026/anki-forge/target/debug/deps/libcrc32fast-58c8b7e40d38fc4b.rlib --extern flate2=/Users/hp/Desktop/2026/anki-forge/target/debug/deps/libflate2-2802d3062f98c51c.rlib --extern hex=/Users/hp/Desktop/2026/anki-forge/target/debug/deps/libhex-3dca52aca8dcd8c9.rlib --extern html_escape=/Users/hp/Desktop/2026/anki-forge/target/debug/deps/libhtml_escape-e3c085ed350ccb58.rlib --extern image=/Users/hp/Desktop/2026/anki-forge/target/debug/deps/libimage-4a807564eb732bd1.rlib --extern imagesize=/Users/hp/Desktop/2026/anki-forge/target/debug/deps/libimagesize-93a183a70ec0270d.rlib --extern jsonschema=/Users/hp/Desktop/2026/anki-forge/target/debug/deps/libjsonschema-a39f8968116b4bbd.rlib --extern mime=/Users/hp/Desktop/2026/anki-forge/target/debug/deps/libmime-4d10f548eb0f4473.rlib --extern proptest=/Users/hp/Desktop/2026/anki-forge/target/debug/deps/libproptest-d399eacdec501536.rlib --extern prost=/Users/hp/Desktop/2026/anki-forge/target/debug/deps/libprost-3d0f5bdb20156157.rlib --extern rand=/Users/hp/Desktop/2026/anki-forge/target/debug/deps/librand-e1c1a274086e5ae7.rlib --extern rusqlite=/Users/hp/Desktop/2026/anki-forge/target/debug/deps/librusqlite-32f84f393a7c3129.rlib --extern rustix=/Users/hp/Desktop/2026/anki-forge/target/debug/deps/librustix-a916b6450ee806df.rlib --extern same_file=/Users/hp/Desktop/2026/anki-forge/target/debug/deps/libsame_file-3850703a028eaa69.rlib --extern serde=/Users/hp/Desktop/2026/anki-forge/target/debug/deps/libserde-9ec1e78b4b5d0ee7.rlib --extern serde_json=/Users/hp/Desktop/2026/anki-forge/target/debug/deps/libserde_json-dd90be139089220c.rlib --extern serde_yaml=/Users/hp/Desktop/2026/anki-forge/target/debug/deps/libserde_yaml-1cea46448a61c91a.rlib --extern sha1=/Users/hp/Desktop/2026/anki-forge/target/debug/deps/libsha1-b3307e50b0a4dd21.rlib --extern tar=/Users/hp/Desktop/2026/anki-forge/target/debug/deps/libtar-e8452efe9c10b6ce.rlib --extern tempfile=/Users/hp/Desktop/2026/anki-forge/target/debug/deps/libtempfile-38023131a295c674.rlib --extern unicase=/Users/hp/Desktop/2026/anki-forge/target/debug/deps/libunicase-36082f46f7a1b408.rlib --extern unicode_normalization=/Users/hp/Desktop/2026/anki-forge/target/debug/deps/libunicode_normalization-5c250c5de084f684.rlib --extern url=/Users/hp/Desktop/2026/anki-forge/target/debug/deps/liburl-8812bf27633e933a.rlib --extern zip=/Users/hp/Desktop/2026/anki-forge/target/debug/deps/libzip-e3a2aeb1cdb2fffe.rlib --extern zstd=/Users/hp/Desktop/2026/anki-forge/target/debug/deps/libzstd-2d4f4f96c801ed7a.rlib -L native=/Users/hp/Desktop/2026/anki-forge/target/debug/build/blake3-c06daab911a0c52a/out -L native=/Users/hp/Desktop/2026/anki-forge/target/debug/build/libsqlite3-sys-4db63674929bf6f6/out -L native=/Users/hp/Desktop/2026/anki-forge/target/debug/build/zstd-sys-07172dd2be32eeae/out`
     Running `/Users/hp/.rustup/toolchains/1.92.0-aarch64-apple-darwin/bin/rustc --crate-name project_scalar_schema_tests --edition=2021 contract_tools/tests/project_scalar_schema_tests.rs --error-format=json --json=diagnostic-rendered-ansi,artifacts,future-incompat --emit=dep-info,link -C embed-bitcode=no -C debuginfo=2 -C split-debuginfo=unpacked --forbid=unsafe_code --test --check-cfg 'cfg(docsrs,test)' --check-cfg 'cfg(feature, values())' -C metadata=5c1ceb1705d93ccf -C extra-filename=-cfe494d08e642870 --out-dir /Users/hp/Desktop/2026/anki-forge/target/debug/deps -C incremental=/Users/hp/Desktop/2026/anki-forge/target/debug/incremental -L dependency=/Users/hp/Desktop/2026/anki-forge/target/debug/deps --extern ankiforge=/Users/hp/Desktop/2026/anki-forge/target/debug/deps/libankiforge-6a4058180a8d8736.rlib --extern anyhow=/Users/hp/Desktop/2026/anki-forge/target/debug/deps/libanyhow-403bb8d72015634b.rlib --extern blake3=/Users/hp/Desktop/2026/anki-forge/target/debug/deps/libblake3-24958e25ae0d2411.rlib --extern clap=/Users/hp/Desktop/2026/anki-forge/target/debug/deps/libclap-81c07679b9c4e00d.rlib --extern contract_tools=/Users/hp/Desktop/2026/anki-forge/target/debug/deps/libcontract_tools-a9b29afae1496449.rlib --extern flate2=/Users/hp/Desktop/2026/anki-forge/target/debug/deps/libflate2-2802d3062f98c51c.rlib --extern html_escape=/Users/hp/Desktop/2026/anki-forge/target/debug/deps/libhtml_escape-e3c085ed350ccb58.rlib --extern jsonschema=/Users/hp/Desktop/2026/anki-forge/target/debug/deps/libjsonschema-a39f8968116b4bbd.rlib --extern proc_macro2=/Users/hp/Desktop/2026/anki-forge/target/debug/deps/libproc_macro2-5923306382b6e875.rlib --extern prost=/Users/hp/Desktop/2026/anki-forge/target/debug/deps/libprost-3d0f5bdb20156157.rlib --extern rusqlite=/Users/hp/Desktop/2026/anki-forge/target/debug/deps/librusqlite-32f84f393a7c3129.rlib --extern same_file=/Users/hp/Desktop/2026/anki-forge/target/debug/deps/libsame_file-3850703a028eaa69.rlib --extern semver=/Users/hp/Desktop/2026/anki-forge/target/debug/deps/libsemver-31f9d330b41e8a46.rlib --extern serde=/Users/hp/Desktop/2026/anki-forge/target/debug/deps/libserde-9ec1e78b4b5d0ee7.rlib --extern serde_json=/Users/hp/Desktop/2026/anki-forge/target/debug/deps/libserde_json-dd90be139089220c.rlib --extern serde_yaml=/Users/hp/Desktop/2026/anki-forge/target/debug/deps/libserde_yaml-1cea46448a61c91a.rlib --extern sha1=/Users/hp/Desktop/2026/anki-forge/target/debug/deps/libsha1-b3307e50b0a4dd21.rlib --extern syn=/Users/hp/Desktop/2026/anki-forge/target/debug/deps/libsyn-ed0dddf67a1f9f25.rlib --extern tar=/Users/hp/Desktop/2026/anki-forge/target/debug/deps/libtar-e8452efe9c10b6ce.rlib --extern tempfile=/Users/hp/Desktop/2026/anki-forge/target/debug/deps/libtempfile-38023131a295c674.rlib --extern url=/Users/hp/Desktop/2026/anki-forge/target/debug/deps/liburl-8812bf27633e933a.rlib --extern zip=/Users/hp/Desktop/2026/anki-forge/target/debug/deps/libzip-e3a2aeb1cdb2fffe.rlib --extern zstd=/Users/hp/Desktop/2026/anki-forge/target/debug/deps/libzstd-2d4f4f96c801ed7a.rlib -L native=/Users/hp/Desktop/2026/anki-forge/target/debug/build/blake3-c06daab911a0c52a/out -L native=/Users/hp/Desktop/2026/anki-forge/target/debug/build/libsqlite3-sys-4db63674929bf6f6/out -L native=/Users/hp/Desktop/2026/anki-forge/target/debug/build/zstd-sys-07172dd2be32eeae/out`
     Running `/Users/hp/.rustup/toolchains/1.92.0-aarch64-apple-darwin/bin/rustc --crate-name conformance_surface --edition=2021 anki_forge/examples/conformance_surface.rs --error-format=json --json=diagnostic-rendered-ansi,artifacts,future-incompat --crate-type bin --emit=dep-info,link -C embed-bitcode=no -C debuginfo=2 -C split-debuginfo=unpacked --forbid=unsafe_code --cfg 'feature="default"' --cfg 'feature="internal-tools"' --check-cfg 'cfg(docsrs,test)' --check-cfg 'cfg(feature, values("default", "internal-tools"))' -C metadata=bef2ca73ea3b6207 -C extra-filename=-2a4ff7caa4113e93 --out-dir /Users/hp/Desktop/2026/anki-forge/target/debug/examples -C incremental=/Users/hp/Desktop/2026/anki-forge/target/debug/incremental -L dependency=/Users/hp/Desktop/2026/anki-forge/target/debug/deps --extern ankiforge=/Users/hp/Desktop/2026/anki-forge/target/debug/deps/libankiforge-6a4058180a8d8736.rlib --extern anyhow=/Users/hp/Desktop/2026/anki-forge/target/debug/deps/libanyhow-403bb8d72015634b.rlib --extern base64=/Users/hp/Desktop/2026/anki-forge/target/debug/deps/libbase64-80c574e62179e036.rlib --extern blake3=/Users/hp/Desktop/2026/anki-forge/target/debug/deps/libblake3-24958e25ae0d2411.rlib --extern crc32fast=/Users/hp/Desktop/2026/anki-forge/target/debug/deps/libcrc32fast-58c8b7e40d38fc4b.rlib --extern flate2=/Users/hp/Desktop/2026/anki-forge/target/debug/deps/libflate2-2802d3062f98c51c.rlib --extern hex=/Users/hp/Desktop/2026/anki-forge/target/debug/deps/libhex-3dca52aca8dcd8c9.rlib --extern html_escape=/Users/hp/Desktop/2026/anki-forge/target/debug/deps/libhtml_escape-e3c085ed350ccb58.rlib --extern image=/Users/hp/Desktop/2026/anki-forge/target/debug/deps/libimage-4a807564eb732bd1.rlib --extern imagesize=/Users/hp/Desktop/2026/anki-forge/target/debug/deps/libimagesize-93a183a70ec0270d.rlib --extern jsonschema=/Users/hp/Desktop/2026/anki-forge/target/debug/deps/libjsonschema-a39f8968116b4bbd.rlib --extern mime=/Users/hp/Desktop/2026/anki-forge/target/debug/deps/libmime-4d10f548eb0f4473.rlib --extern proptest=/Users/hp/Desktop/2026/anki-forge/target/debug/deps/libproptest-d399eacdec501536.rlib --extern prost=/Users/hp/Desktop/2026/anki-forge/target/debug/deps/libprost-3d0f5bdb20156157.rlib --extern rand=/Users/hp/Desktop/2026/anki-forge/target/debug/deps/librand-e1c1a274086e5ae7.rlib --extern rusqlite=/Users/hp/Desktop/2026/anki-forge/target/debug/deps/librusqlite-32f84f393a7c3129.rlib --extern rustix=/Users/hp/Desktop/2026/anki-forge/target/debug/deps/librustix-a916b6450ee806df.rlib --extern same_file=/Users/hp/Desktop/2026/anki-forge/target/debug/deps/libsame_file-3850703a028eaa69.rlib --extern serde=/Users/hp/Desktop/2026/anki-forge/target/debug/deps/libserde-9ec1e78b4b5d0ee7.rlib --extern serde_json=/Users/hp/Desktop/2026/anki-forge/target/debug/deps/libserde_json-dd90be139089220c.rlib --extern serde_yaml=/Users/hp/Desktop/2026/anki-forge/target/debug/deps/libserde_yaml-1cea46448a61c91a.rlib --extern sha1=/Users/hp/Desktop/2026/anki-forge/target/debug/deps/libsha1-b3307e50b0a4dd21.rlib --extern tar=/Users/hp/Desktop/2026/anki-forge/target/debug/deps/libtar-e8452efe9c10b6ce.rlib --extern tempfile=/Users/hp/Desktop/2026/anki-forge/target/debug/deps/libtempfile-38023131a295c674.rlib --extern unicase=/Users/hp/Desktop/2026/anki-forge/target/debug/deps/libunicase-36082f46f7a1b408.rlib --extern unicode_normalization=/Users/hp/Desktop/2026/anki-forge/target/debug/deps/libunicode_normalization-5c250c5de084f684.rlib --extern url=/Users/hp/Desktop/2026/anki-forge/target/debug/deps/liburl-8812bf27633e933a.rlib --extern zip=/Users/hp/Desktop/2026/anki-forge/target/debug/deps/libzip-e3a2aeb1cdb2fffe.rlib --extern zstd=/Users/hp/Desktop/2026/anki-forge/target/debug/deps/libzstd-2d4f4f96c801ed7a.rlib -L native=/Users/hp/Desktop/2026/anki-forge/target/debug/build/blake3-c06daab911a0c52a/out -L native=/Users/hp/Desktop/2026/anki-forge/target/debug/build/libsqlite3-sys-4db63674929bf6f6/out -L native=/Users/hp/Desktop/2026/anki-forge/target/debug/build/zstd-sys-07172dd2be32eeae/out`
       Dirty anki_forge_python_native v0.2.0 (/Users/hp/Desktop/2026/anki-forge/bindings/python/native): the dependency ankiforge was rebuilt
   Compiling anki_forge_python_native v0.2.0 (/Users/hp/Desktop/2026/anki-forge/bindings/python/native)
     Running `/Users/hp/.rustup/toolchains/1.92.0-aarch64-apple-darwin/bin/rustc --crate-name python_parity --edition=2021 bindings/python/native/examples/python_parity.rs --error-format=json --json=diagnostic-rendered-ansi,artifacts,future-incompat --crate-type bin --emit=dep-info,link -C embed-bitcode=no -C debuginfo=2 -C split-debuginfo=unpacked --deny=unsafe_code --check-cfg 'cfg(docsrs,test)' --check-cfg 'cfg(feature, values())' -C metadata=f5af00a1045a5475 -C extra-filename=-d3bf0757addbf817 --out-dir /Users/hp/Desktop/2026/anki-forge/target/debug/examples -C incremental=/Users/hp/Desktop/2026/anki-forge/target/debug/incremental -L dependency=/Users/hp/Desktop/2026/anki-forge/target/debug/deps --extern ankiforge=/Users/hp/Desktop/2026/anki-forge/target/debug/deps/libankiforge-6a4058180a8d8736.rlib --extern anyhow=/Users/hp/Desktop/2026/anki-forge/target/debug/deps/libanyhow-403bb8d72015634b.rlib --extern pyo3=/Users/hp/Desktop/2026/anki-forge/target/debug/deps/libpyo3-d024d14045b11d2b.rlib --extern serde=/Users/hp/Desktop/2026/anki-forge/target/debug/deps/libserde-9ec1e78b4b5d0ee7.rlib --extern serde_json=/Users/hp/Desktop/2026/anki-forge/target/debug/deps/libserde_json-dd90be139089220c.rlib --extern zip=/Users/hp/Desktop/2026/anki-forge/target/debug/deps/libzip-e3a2aeb1cdb2fffe.rlib --extern zstd=/Users/hp/Desktop/2026/anki-forge/target/debug/deps/libzstd-2d4f4f96c801ed7a.rlib -L native=/Users/hp/Desktop/2026/anki-forge/target/debug/build/blake3-c06daab911a0c52a/out -L native=/Users/hp/Desktop/2026/anki-forge/target/debug/build/libsqlite3-sys-4db63674929bf6f6/out -L native=/Users/hp/Desktop/2026/anki-forge/target/debug/build/zstd-sys-07172dd2be32eeae/out -L 'native=/opt/homebrew/opt/python@3.14/Frameworks/Python.framework/Versions/3.14/lib'`
     Running `/Users/hp/.rustup/toolchains/1.92.0-aarch64-apple-darwin/bin/rustc --crate-name compat_oracle_tests --edition=2021 contract_tools/tests/compat_oracle_tests.rs --error-format=json --json=diagnostic-rendered-ansi,artifacts,future-incompat --emit=dep-info,link -C embed-bitcode=no -C debuginfo=2 -C split-debuginfo=unpacked --forbid=unsafe_code --test --check-cfg 'cfg(docsrs,test)' --check-cfg 'cfg(feature, values())' -C metadata=e819ea684509e7af -C extra-filename=-e86a4991e1304c19 --out-dir /Users/hp/Desktop/2026/anki-forge/target/debug/deps -C incremental=/Users/hp/Desktop/2026/anki-forge/target/debug/incremental -L dependency=/Users/hp/Desktop/2026/anki-forge/target/debug/deps --extern ankiforge=/Users/hp/Desktop/2026/anki-forge/target/debug/deps/libankiforge-6a4058180a8d8736.rlib --extern anyhow=/Users/hp/Desktop/2026/anki-forge/target/debug/deps/libanyhow-403bb8d72015634b.rlib --extern blake3=/Users/hp/Desktop/2026/anki-forge/target/debug/deps/libblake3-24958e25ae0d2411.rlib --extern clap=/Users/hp/Desktop/2026/anki-forge/target/debug/deps/libclap-81c07679b9c4e00d.rlib --extern contract_tools=/Users/hp/Desktop/2026/anki-forge/target/debug/deps/libcontract_tools-a9b29afae1496449.rlib --extern flate2=/Users/hp/Desktop/2026/anki-forge/target/debug/deps/libflate2-2802d3062f98c51c.rlib --extern html_escape=/Users/hp/Desktop/2026/anki-forge/target/debug/deps/libhtml_escape-e3c085ed350ccb58.rlib --extern jsonschema=/Users/hp/Desktop/2026/anki-forge/target/debug/deps/libjsonschema-a39f8968116b4bbd.rlib --extern proc_macro2=/Users/hp/Desktop/2026/anki-forge/target/debug/deps/libproc_macro2-5923306382b6e875.rlib --extern prost=/Users/hp/Desktop/2026/anki-forge/target/debug/deps/libprost-3d0f5bdb20156157.rlib --extern rusqlite=/Users/hp/Desktop/2026/anki-forge/target/debug/deps/librusqlite-32f84f393a7c3129.rlib --extern same_file=/Users/hp/Desktop/2026/anki-forge/target/debug/deps/libsame_file-3850703a028eaa69.rlib --extern semver=/Users/hp/Desktop/2026/anki-forge/target/debug/deps/libsemver-31f9d330b41e8a46.rlib --extern serde=/Users/hp/Desktop/2026/anki-forge/target/debug/deps/libserde-9ec1e78b4b5d0ee7.rlib --extern serde_json=/Users/hp/Desktop/2026/anki-forge/target/debug/deps/libserde_json-dd90be139089220c.rlib --extern serde_yaml=/Users/hp/Desktop/2026/anki-forge/target/debug/deps/libserde_yaml-1cea46448a61c91a.rlib --extern sha1=/Users/hp/Desktop/2026/anki-forge/target/debug/deps/libsha1-b3307e50b0a4dd21.rlib --extern syn=/Users/hp/Desktop/2026/anki-forge/target/debug/deps/libsyn-ed0dddf67a1f9f25.rlib --extern tar=/Users/hp/Desktop/2026/anki-forge/target/debug/deps/libtar-e8452efe9c10b6ce.rlib --extern tempfile=/Users/hp/Desktop/2026/anki-forge/target/debug/deps/libtempfile-38023131a295c674.rlib --extern url=/Users/hp/Desktop/2026/anki-forge/target/debug/deps/liburl-8812bf27633e933a.rlib --extern zip=/Users/hp/Desktop/2026/anki-forge/target/debug/deps/libzip-e3a2aeb1cdb2fffe.rlib --extern zstd=/Users/hp/Desktop/2026/anki-forge/target/debug/deps/libzstd-2d4f4f96c801ed7a.rlib -L native=/Users/hp/Desktop/2026/anki-forge/target/debug/build/blake3-c06daab911a0c52a/out -L native=/Users/hp/Desktop/2026/anki-forge/target/debug/build/libsqlite3-sys-4db63674929bf6f6/out -L native=/Users/hp/Desktop/2026/anki-forge/target/debug/build/zstd-sys-07172dd2be32eeae/out`
     Running `/Users/hp/.rustup/toolchains/1.92.0-aarch64-apple-darwin/bin/rustc --crate-name cli_tests --edition=2021 contract_tools/tests/cli_tests.rs --error-format=json --json=diagnostic-rendered-ansi,artifacts,future-incompat --emit=dep-info,link -C embed-bitcode=no -C debuginfo=2 -C split-debuginfo=unpacked --forbid=unsafe_code --test --check-cfg 'cfg(docsrs,test)' --check-cfg 'cfg(feature, values())' -C metadata=73658245dd786f6a -C extra-filename=-a27fe1828144718e --out-dir /Users/hp/Desktop/2026/anki-forge/target/debug/deps -C incremental=/Users/hp/Desktop/2026/anki-forge/target/debug/incremental -L dependency=/Users/hp/Desktop/2026/anki-forge/target/debug/deps --extern ankiforge=/Users/hp/Desktop/2026/anki-forge/target/debug/deps/libankiforge-6a4058180a8d8736.rlib --extern anyhow=/Users/hp/Desktop/2026/anki-forge/target/debug/deps/libanyhow-403bb8d72015634b.rlib --extern blake3=/Users/hp/Desktop/2026/anki-forge/target/debug/deps/libblake3-24958e25ae0d2411.rlib --extern clap=/Users/hp/Desktop/2026/anki-forge/target/debug/deps/libclap-81c07679b9c4e00d.rlib --extern contract_tools=/Users/hp/Desktop/2026/anki-forge/target/debug/deps/libcontract_tools-a9b29afae1496449.rlib --extern flate2=/Users/hp/Desktop/2026/anki-forge/target/debug/deps/libflate2-2802d3062f98c51c.rlib --extern html_escape=/Users/hp/Desktop/2026/anki-forge/target/debug/deps/libhtml_escape-e3c085ed350ccb58.rlib --extern jsonschema=/Users/hp/Desktop/2026/anki-forge/target/debug/deps/libjsonschema-a39f8968116b4bbd.rlib --extern proc_macro2=/Users/hp/Desktop/2026/anki-forge/target/debug/deps/libproc_macro2-5923306382b6e875.rlib --extern prost=/Users/hp/Desktop/2026/anki-forge/target/debug/deps/libprost-3d0f5bdb20156157.rlib --extern rusqlite=/Users/hp/Desktop/2026/anki-forge/target/debug/deps/librusqlite-32f84f393a7c3129.rlib --extern same_file=/Users/hp/Desktop/2026/anki-forge/target/debug/deps/libsame_file-3850703a028eaa69.rlib --extern semver=/Users/hp/Desktop/2026/anki-forge/target/debug/deps/libsemver-31f9d330b41e8a46.rlib --extern serde=/Users/hp/Desktop/2026/anki-forge/target/debug/deps/libserde-9ec1e78b4b5d0ee7.rlib --extern serde_json=/Users/hp/Desktop/2026/anki-forge/target/debug/deps/libserde_json-dd90be139089220c.rlib --extern serde_yaml=/Users/hp/Desktop/2026/anki-forge/target/debug/deps/libserde_yaml-1cea46448a61c91a.rlib --extern sha1=/Users/hp/Desktop/2026/anki-forge/target/debug/deps/libsha1-b3307e50b0a4dd21.rlib --extern syn=/Users/hp/Desktop/2026/anki-forge/target/debug/deps/libsyn-ed0dddf67a1f9f25.rlib --extern tar=/Users/hp/Desktop/2026/anki-forge/target/debug/deps/libtar-e8452efe9c10b6ce.rlib --extern tempfile=/Users/hp/Desktop/2026/anki-forge/target/debug/deps/libtempfile-38023131a295c674.rlib --extern url=/Users/hp/Desktop/2026/anki-forge/target/debug/deps/liburl-8812bf27633e933a.rlib --extern zip=/Users/hp/Desktop/2026/anki-forge/target/debug/deps/libzip-e3a2aeb1cdb2fffe.rlib --extern zstd=/Users/hp/Desktop/2026/anki-forge/target/debug/deps/libzstd-2d4f4f96c801ed7a.rlib -L native=/Users/hp/Desktop/2026/anki-forge/target/debug/build/blake3-c06daab911a0c52a/out -L native=/Users/hp/Desktop/2026/anki-forge/target/debug/build/libsqlite3-sys-4db63674929bf6f6/out -L native=/Users/hp/Desktop/2026/anki-forge/target/debug/build/zstd-sys-07172dd2be32eeae/out`
     Running `/Users/hp/.rustup/toolchains/1.92.0-aarch64-apple-darwin/bin/rustc --crate-name media_export_optimization_tests --edition=2021 anki_forge/tests/media_export_optimization_tests.rs --error-format=json --json=diagnostic-rendered-ansi,artifacts,future-incompat --emit=dep-info,link -C embed-bitcode=no -C debuginfo=2 -C split-debuginfo=unpacked --forbid=unsafe_code --test --cfg 'feature="default"' --cfg 'feature="internal-tools"' --check-cfg 'cfg(docsrs,test)' --check-cfg 'cfg(feature, values("default", "internal-tools"))' -C metadata=2c0e2cefaf6d9403 -C extra-filename=-10a6e0a3614fc853 --out-dir /Users/hp/Desktop/2026/anki-forge/target/debug/deps -C incremental=/Users/hp/Desktop/2026/anki-forge/target/debug/incremental -L dependency=/Users/hp/Desktop/2026/anki-forge/target/debug/deps --extern ankiforge=/Users/hp/Desktop/2026/anki-forge/target/debug/deps/libankiforge-6a4058180a8d8736.rlib --extern anyhow=/Users/hp/Desktop/2026/anki-forge/target/debug/deps/libanyhow-403bb8d72015634b.rlib --extern base64=/Users/hp/Desktop/2026/anki-forge/target/debug/deps/libbase64-80c574e62179e036.rlib --extern blake3=/Users/hp/Desktop/2026/anki-forge/target/debug/deps/libblake3-24958e25ae0d2411.rlib --extern crc32fast=/Users/hp/Desktop/2026/anki-forge/target/debug/deps/libcrc32fast-58c8b7e40d38fc4b.rlib --extern flate2=/Users/hp/Desktop/2026/anki-forge/target/debug/deps/libflate2-2802d3062f98c51c.rlib --extern hex=/Users/hp/Desktop/2026/anki-forge/target/debug/deps/libhex-3dca52aca8dcd8c9.rlib --extern html_escape=/Users/hp/Desktop/2026/anki-forge/target/debug/deps/libhtml_escape-e3c085ed350ccb58.rlib --extern image=/Users/hp/Desktop/2026/anki-forge/target/debug/deps/libimage-4a807564eb732bd1.rlib --extern imagesize=/Users/hp/Desktop/2026/anki-forge/target/debug/deps/libimagesize-93a183a70ec0270d.rlib --extern jsonschema=/Users/hp/Desktop/2026/anki-forge/target/debug/deps/libjsonschema-a39f8968116b4bbd.rlib --extern mime=/Users/hp/Desktop/2026/anki-forge/target/debug/deps/libmime-4d10f548eb0f4473.rlib --extern proptest=/Users/hp/Desktop/2026/anki-forge/target/debug/deps/libproptest-d399eacdec501536.rlib --extern prost=/Users/hp/Desktop/2026/anki-forge/target/debug/deps/libprost-3d0f5bdb20156157.rlib --extern rand=/Users/hp/Desktop/2026/anki-forge/target/debug/deps/librand-e1c1a274086e5ae7.rlib --extern rusqlite=/Users/hp/Desktop/2026/anki-forge/target/debug/deps/librusqlite-32f84f393a7c3129.rlib --extern rustix=/Users/hp/Desktop/2026/anki-forge/target/debug/deps/librustix-a916b6450ee806df.rlib --extern same_file=/Users/hp/Desktop/2026/anki-forge/target/debug/deps/libsame_file-3850703a028eaa69.rlib --extern serde=/Users/hp/Desktop/2026/anki-forge/target/debug/deps/libserde-9ec1e78b4b5d0ee7.rlib --extern serde_json=/Users/hp/Desktop/2026/anki-forge/target/debug/deps/libserde_json-dd90be139089220c.rlib --extern serde_yaml=/Users/hp/Desktop/2026/anki-forge/target/debug/deps/libserde_yaml-1cea46448a61c91a.rlib --extern sha1=/Users/hp/Desktop/2026/anki-forge/target/debug/deps/libsha1-b3307e50b0a4dd21.rlib --extern tar=/Users/hp/Desktop/2026/anki-forge/target/debug/deps/libtar-e8452efe9c10b6ce.rlib --extern tempfile=/Users/hp/Desktop/2026/anki-forge/target/debug/deps/libtempfile-38023131a295c674.rlib --extern unicase=/Users/hp/Desktop/2026/anki-forge/target/debug/deps/libunicase-36082f46f7a1b408.rlib --extern unicode_normalization=/Users/hp/Desktop/2026/anki-forge/target/debug/deps/libunicode_normalization-5c250c5de084f684.rlib --extern url=/Users/hp/Desktop/2026/anki-forge/target/debug/deps/liburl-8812bf27633e933a.rlib --extern zip=/Users/hp/Desktop/2026/anki-forge/target/debug/deps/libzip-e3a2aeb1cdb2fffe.rlib --extern zstd=/Users/hp/Desktop/2026/anki-forge/target/debug/deps/libzstd-2d4f4f96c801ed7a.rlib -L native=/Users/hp/Desktop/2026/anki-forge/target/debug/build/blake3-c06daab911a0c52a/out -L native=/Users/hp/Desktop/2026/anki-forge/target/debug/build/libsqlite3-sys-4db63674929bf6f6/out -L native=/Users/hp/Desktop/2026/anki-forge/target/debug/build/zstd-sys-07172dd2be32eeae/out`
     Running `/Users/hp/.rustup/toolchains/1.92.0-aarch64-apple-darwin/bin/rustc --crate-name native_roundtrip_oracle_prepare --edition=2021 anki_forge/examples/native_roundtrip_oracle_prepare.rs --error-format=json --json=diagnostic-rendered-ansi,artifacts,future-incompat --crate-type bin --emit=dep-info,link -C embed-bitcode=no -C debuginfo=2 -C split-debuginfo=unpacked --forbid=unsafe_code --cfg 'feature="default"' --cfg 'feature="internal-tools"' --check-cfg 'cfg(docsrs,test)' --check-cfg 'cfg(feature, values("default", "internal-tools"))' -C metadata=61e6b0c411ff6d7e -C extra-filename=-d1d310de315b49c9 --out-dir /Users/hp/Desktop/2026/anki-forge/target/debug/examples -C incremental=/Users/hp/Desktop/2026/anki-forge/target/debug/incremental -L dependency=/Users/hp/Desktop/2026/anki-forge/target/debug/deps --extern ankiforge=/Users/hp/Desktop/2026/anki-forge/target/debug/deps/libankiforge-6a4058180a8d8736.rlib --extern anyhow=/Users/hp/Desktop/2026/anki-forge/target/debug/deps/libanyhow-403bb8d72015634b.rlib --extern base64=/Users/hp/Desktop/2026/anki-forge/target/debug/deps/libbase64-80c574e62179e036.rlib --extern blake3=/Users/hp/Desktop/2026/anki-forge/target/debug/deps/libblake3-24958e25ae0d2411.rlib --extern crc32fast=/Users/hp/Desktop/2026/anki-forge/target/debug/deps/libcrc32fast-58c8b7e40d38fc4b.rlib --extern flate2=/Users/hp/Desktop/2026/anki-forge/target/debug/deps/libflate2-2802d3062f98c51c.rlib --extern hex=/Users/hp/Desktop/2026/anki-forge/target/debug/deps/libhex-3dca52aca8dcd8c9.rlib --extern html_escape=/Users/hp/Desktop/2026/anki-forge/target/debug/deps/libhtml_escape-e3c085ed350ccb58.rlib --extern image=/Users/hp/Desktop/2026/anki-forge/target/debug/deps/libimage-4a807564eb732bd1.rlib --extern imagesize=/Users/hp/Desktop/2026/anki-forge/target/debug/deps/libimagesize-93a183a70ec0270d.rlib --extern jsonschema=/Users/hp/Desktop/2026/anki-forge/target/debug/deps/libjsonschema-a39f8968116b4bbd.rlib --extern mime=/Users/hp/Desktop/2026/anki-forge/target/debug/deps/libmime-4d10f548eb0f4473.rlib --extern proptest=/Users/hp/Desktop/2026/anki-forge/target/debug/deps/libproptest-d399eacdec501536.rlib --extern prost=/Users/hp/Desktop/2026/anki-forge/target/debug/deps/libprost-3d0f5bdb20156157.rlib --extern rand=/Users/hp/Desktop/2026/anki-forge/target/debug/deps/librand-e1c1a274086e5ae7.rlib --extern rusqlite=/Users/hp/Desktop/2026/anki-forge/target/debug/deps/librusqlite-32f84f393a7c3129.rlib --extern rustix=/Users/hp/Desktop/2026/anki-forge/target/debug/deps/librustix-a916b6450ee806df.rlib --extern same_file=/Users/hp/Desktop/2026/anki-forge/target/debug/deps/libsame_file-3850703a028eaa69.rlib --extern serde=/Users/hp/Desktop/2026/anki-forge/target/debug/deps/libserde-9ec1e78b4b5d0ee7.rlib --extern serde_json=/Users/hp/Desktop/2026/anki-forge/target/debug/deps/libserde_json-dd90be139089220c.rlib --extern serde_yaml=/Users/hp/Desktop/2026/anki-forge/target/debug/deps/libserde_yaml-1cea46448a61c91a.rlib --extern sha1=/Users/hp/Desktop/2026/anki-forge/target/debug/deps/libsha1-b3307e50b0a4dd21.rlib --extern tar=/Users/hp/Desktop/2026/anki-forge/target/debug/deps/libtar-e8452efe9c10b6ce.rlib --extern tempfile=/Users/hp/Desktop/2026/anki-forge/target/debug/deps/libtempfile-38023131a295c674.rlib --extern unicase=/Users/hp/Desktop/2026/anki-forge/target/debug/deps/libunicase-36082f46f7a1b408.rlib --extern unicode_normalization=/Users/hp/Desktop/2026/anki-forge/target/debug/deps/libunicode_normalization-5c250c5de084f684.rlib --extern url=/Users/hp/Desktop/2026/anki-forge/target/debug/deps/liburl-8812bf27633e933a.rlib --extern zip=/Users/hp/Desktop/2026/anki-forge/target/debug/deps/libzip-e3a2aeb1cdb2fffe.rlib --extern zstd=/Users/hp/Desktop/2026/anki-forge/target/debug/deps/libzstd-2d4f4f96c801ed7a.rlib -L native=/Users/hp/Desktop/2026/anki-forge/target/debug/build/blake3-c06daab911a0c52a/out -L native=/Users/hp/Desktop/2026/anki-forge/target/debug/build/libsqlite3-sys-4db63674929bf6f6/out -L native=/Users/hp/Desktop/2026/anki-forge/target/debug/build/zstd-sys-07172dd2be32eeae/out`
     Running `/Users/hp/.rustup/toolchains/1.92.0-aarch64-apple-darwin/bin/rustc --crate-name versioning_change_tests --edition=2021 contract_tools/tests/versioning_change_tests.rs --error-format=json --json=diagnostic-rendered-ansi,artifacts,future-incompat --emit=dep-info,link -C embed-bitcode=no -C debuginfo=2 -C split-debuginfo=unpacked --forbid=unsafe_code --test --check-cfg 'cfg(docsrs,test)' --check-cfg 'cfg(feature, values())' -C metadata=d09d1edbb9530fe5 -C extra-filename=-3b552e83d5957fea --out-dir /Users/hp/Desktop/2026/anki-forge/target/debug/deps -C incremental=/Users/hp/Desktop/2026/anki-forge/target/debug/incremental -L dependency=/Users/hp/Desktop/2026/anki-forge/target/debug/deps --extern ankiforge=/Users/hp/Desktop/2026/anki-forge/target/debug/deps/libankiforge-6a4058180a8d8736.rlib --extern anyhow=/Users/hp/Desktop/2026/anki-forge/target/debug/deps/libanyhow-403bb8d72015634b.rlib --extern blake3=/Users/hp/Desktop/2026/anki-forge/target/debug/deps/libblake3-24958e25ae0d2411.rlib --extern clap=/Users/hp/Desktop/2026/anki-forge/target/debug/deps/libclap-81c07679b9c4e00d.rlib --extern contract_tools=/Users/hp/Desktop/2026/anki-forge/target/debug/deps/libcontract_tools-a9b29afae1496449.rlib --extern flate2=/Users/hp/Desktop/2026/anki-forge/target/debug/deps/libflate2-2802d3062f98c51c.rlib --extern html_escape=/Users/hp/Desktop/2026/anki-forge/target/debug/deps/libhtml_escape-e3c085ed350ccb58.rlib --extern jsonschema=/Users/hp/Desktop/2026/anki-forge/target/debug/deps/libjsonschema-a39f8968116b4bbd.rlib --extern proc_macro2=/Users/hp/Desktop/2026/anki-forge/target/debug/deps/libproc_macro2-5923306382b6e875.rlib --extern prost=/Users/hp/Desktop/2026/anki-forge/target/debug/deps/libprost-3d0f5bdb20156157.rlib --extern rusqlite=/Users/hp/Desktop/2026/anki-forge/target/debug/deps/librusqlite-32f84f393a7c3129.rlib --extern same_file=/Users/hp/Desktop/2026/anki-forge/target/debug/deps/libsame_file-3850703a028eaa69.rlib --extern semver=/Users/hp/Desktop/2026/anki-forge/target/debug/deps/libsemver-31f9d330b41e8a46.rlib --extern serde=/Users/hp/Desktop/2026/anki-forge/target/debug/deps/libserde-9ec1e78b4b5d0ee7.rlib --extern serde_json=/Users/hp/Desktop/2026/anki-forge/target/debug/deps/libserde_json-dd90be139089220c.rlib --extern serde_yaml=/Users/hp/Desktop/2026/anki-forge/target/debug/deps/libserde_yaml-1cea46448a61c91a.rlib --extern sha1=/Users/hp/Desktop/2026/anki-forge/target/debug/deps/libsha1-b3307e50b0a4dd21.rlib --extern syn=/Users/hp/Desktop/2026/anki-forge/target/debug/deps/libsyn-ed0dddf67a1f9f25.rlib --extern tar=/Users/hp/Desktop/2026/anki-forge/target/debug/deps/libtar-e8452efe9c10b6ce.rlib --extern tempfile=/Users/hp/Desktop/2026/anki-forge/target/debug/deps/libtempfile-38023131a295c674.rlib --extern url=/Users/hp/Desktop/2026/anki-forge/target/debug/deps/liburl-8812bf27633e933a.rlib --extern zip=/Users/hp/Desktop/2026/anki-forge/target/debug/deps/libzip-e3a2aeb1cdb2fffe.rlib --extern zstd=/Users/hp/Desktop/2026/anki-forge/target/debug/deps/libzstd-2d4f4f96c801ed7a.rlib -L native=/Users/hp/Desktop/2026/anki-forge/target/debug/build/blake3-c06daab911a0c52a/out -L native=/Users/hp/Desktop/2026/anki-forge/target/debug/build/libsqlite3-sys-4db63674929bf6f6/out -L native=/Users/hp/Desktop/2026/anki-forge/target/debug/build/zstd-sys-07172dd2be32eeae/out`
     Running `/Users/hp/.rustup/toolchains/1.92.0-aarch64-apple-darwin/bin/rustc --crate-name readme_update --edition=2021 anki_forge/examples/readme_update.rs --error-format=json --json=diagnostic-rendered-ansi,artifacts,future-incompat --crate-type bin --emit=dep-info,link -C embed-bitcode=no -C debuginfo=2 -C split-debuginfo=unpacked --forbid=unsafe_code --cfg 'feature="default"' --cfg 'feature="internal-tools"' --check-cfg 'cfg(docsrs,test)' --check-cfg 'cfg(feature, values("default", "internal-tools"))' -C metadata=b34e239a5b5825e5 -C extra-filename=-fdec7a887851aa50 --out-dir /Users/hp/Desktop/2026/anki-forge/target/debug/examples -C incremental=/Users/hp/Desktop/2026/anki-forge/target/debug/incremental -L dependency=/Users/hp/Desktop/2026/anki-forge/target/debug/deps --extern ankiforge=/Users/hp/Desktop/2026/anki-forge/target/debug/deps/libankiforge-6a4058180a8d8736.rlib --extern anyhow=/Users/hp/Desktop/2026/anki-forge/target/debug/deps/libanyhow-403bb8d72015634b.rlib --extern base64=/Users/hp/Desktop/2026/anki-forge/target/debug/deps/libbase64-80c574e62179e036.rlib --extern blake3=/Users/hp/Desktop/2026/anki-forge/target/debug/deps/libblake3-24958e25ae0d2411.rlib --extern crc32fast=/Users/hp/Desktop/2026/anki-forge/target/debug/deps/libcrc32fast-58c8b7e40d38fc4b.rlib --extern flate2=/Users/hp/Desktop/2026/anki-forge/target/debug/deps/libflate2-2802d3062f98c51c.rlib --extern hex=/Users/hp/Desktop/2026/anki-forge/target/debug/deps/libhex-3dca52aca8dcd8c9.rlib --extern html_escape=/Users/hp/Desktop/2026/anki-forge/target/debug/deps/libhtml_escape-e3c085ed350ccb58.rlib --extern image=/Users/hp/Desktop/2026/anki-forge/target/debug/deps/libimage-4a807564eb732bd1.rlib --extern imagesize=/Users/hp/Desktop/2026/anki-forge/target/debug/deps/libimagesize-93a183a70ec0270d.rlib --extern jsonschema=/Users/hp/Desktop/2026/anki-forge/target/debug/deps/libjsonschema-a39f8968116b4bbd.rlib --extern mime=/Users/hp/Desktop/2026/anki-forge/target/debug/deps/libmime-4d10f548eb0f4473.rlib --extern proptest=/Users/hp/Desktop/2026/anki-forge/target/debug/deps/libproptest-d399eacdec501536.rlib --extern prost=/Users/hp/Desktop/2026/anki-forge/target/debug/deps/libprost-3d0f5bdb20156157.rlib --extern rand=/Users/hp/Desktop/2026/anki-forge/target/debug/deps/librand-e1c1a274086e5ae7.rlib --extern rusqlite=/Users/hp/Desktop/2026/anki-forge/target/debug/deps/librusqlite-32f84f393a7c3129.rlib --extern rustix=/Users/hp/Desktop/2026/anki-forge/target/debug/deps/librustix-a916b6450ee806df.rlib --extern same_file=/Users/hp/Desktop/2026/anki-forge/target/debug/deps/libsame_file-3850703a028eaa69.rlib --extern serde=/Users/hp/Desktop/2026/anki-forge/target/debug/deps/libserde-9ec1e78b4b5d0ee7.rlib --extern serde_json=/Users/hp/Desktop/2026/anki-forge/target/debug/deps/libserde_json-dd90be139089220c.rlib --extern serde_yaml=/Users/hp/Desktop/2026/anki-forge/target/debug/deps/libserde_yaml-1cea46448a61c91a.rlib --extern sha1=/Users/hp/Desktop/2026/anki-forge/target/debug/deps/libsha1-b3307e50b0a4dd21.rlib --extern tar=/Users/hp/Desktop/2026/anki-forge/target/debug/deps/libtar-e8452efe9c10b6ce.rlib --extern tempfile=/Users/hp/Desktop/2026/anki-forge/target/debug/deps/libtempfile-38023131a295c674.rlib --extern unicase=/Users/hp/Desktop/2026/anki-forge/target/debug/deps/libunicase-36082f46f7a1b408.rlib --extern unicode_normalization=/Users/hp/Desktop/2026/anki-forge/target/debug/deps/libunicode_normalization-5c250c5de084f684.rlib --extern url=/Users/hp/Desktop/2026/anki-forge/target/debug/deps/liburl-8812bf27633e933a.rlib --extern zip=/Users/hp/Desktop/2026/anki-forge/target/debug/deps/libzip-e3a2aeb1cdb2fffe.rlib --extern zstd=/Users/hp/Desktop/2026/anki-forge/target/debug/deps/libzstd-2d4f4f96c801ed7a.rlib -L native=/Users/hp/Desktop/2026/anki-forge/target/debug/build/blake3-c06daab911a0c52a/out -L native=/Users/hp/Desktop/2026/anki-forge/target/debug/build/libsqlite3-sys-4db63674929bf6f6/out -L native=/Users/hp/Desktop/2026/anki-forge/target/debug/build/zstd-sys-07172dd2be32eeae/out`
     Running `/Users/hp/.rustup/toolchains/1.92.0-aarch64-apple-darwin/bin/rustc --crate-name contract_tools --edition=2021 contract_tools/src/main.rs --error-format=json --json=diagnostic-rendered-ansi,artifacts,future-incompat --crate-type bin --emit=dep-info,link -C embed-bitcode=no -C debuginfo=2 -C split-debuginfo=unpacked --forbid=unsafe_code --check-cfg 'cfg(docsrs,test)' --check-cfg 'cfg(feature, values())' -C metadata=fefde59f487fa8c2 -C extra-filename=-ed2dfe13422e0751 --out-dir /Users/hp/Desktop/2026/anki-forge/target/debug/deps -C incremental=/Users/hp/Desktop/2026/anki-forge/target/debug/incremental -L dependency=/Users/hp/Desktop/2026/anki-forge/target/debug/deps --extern ankiforge=/Users/hp/Desktop/2026/anki-forge/target/debug/deps/libankiforge-6a4058180a8d8736.rlib --extern anyhow=/Users/hp/Desktop/2026/anki-forge/target/debug/deps/libanyhow-403bb8d72015634b.rlib --extern blake3=/Users/hp/Desktop/2026/anki-forge/target/debug/deps/libblake3-24958e25ae0d2411.rlib --extern clap=/Users/hp/Desktop/2026/anki-forge/target/debug/deps/libclap-81c07679b9c4e00d.rlib --extern contract_tools=/Users/hp/Desktop/2026/anki-forge/target/debug/deps/libcontract_tools-a9b29afae1496449.rlib --extern flate2=/Users/hp/Desktop/2026/anki-forge/target/debug/deps/libflate2-2802d3062f98c51c.rlib --extern html_escape=/Users/hp/Desktop/2026/anki-forge/target/debug/deps/libhtml_escape-e3c085ed350ccb58.rlib --extern jsonschema=/Users/hp/Desktop/2026/anki-forge/target/debug/deps/libjsonschema-a39f8968116b4bbd.rlib --extern proc_macro2=/Users/hp/Desktop/2026/anki-forge/target/debug/deps/libproc_macro2-5923306382b6e875.rlib --extern prost=/Users/hp/Desktop/2026/anki-forge/target/debug/deps/libprost-3d0f5bdb20156157.rlib --extern rusqlite=/Users/hp/Desktop/2026/anki-forge/target/debug/deps/librusqlite-32f84f393a7c3129.rlib --extern same_file=/Users/hp/Desktop/2026/anki-forge/target/debug/deps/libsame_file-3850703a028eaa69.rlib --extern semver=/Users/hp/Desktop/2026/anki-forge/target/debug/deps/libsemver-31f9d330b41e8a46.rlib --extern serde=/Users/hp/Desktop/2026/anki-forge/target/debug/deps/libserde-9ec1e78b4b5d0ee7.rlib --extern serde_json=/Users/hp/Desktop/2026/anki-forge/target/debug/deps/libserde_json-dd90be139089220c.rlib --extern serde_yaml=/Users/hp/Desktop/2026/anki-forge/target/debug/deps/libserde_yaml-1cea46448a61c91a.rlib --extern sha1=/Users/hp/Desktop/2026/anki-forge/target/debug/deps/libsha1-b3307e50b0a4dd21.rlib --extern syn=/Users/hp/Desktop/2026/anki-forge/target/debug/deps/libsyn-ed0dddf67a1f9f25.rlib --extern tar=/Users/hp/Desktop/2026/anki-forge/target/debug/deps/libtar-e8452efe9c10b6ce.rlib --extern tempfile=/Users/hp/Desktop/2026/anki-forge/target/debug/deps/libtempfile-38023131a295c674.rlib --extern url=/Users/hp/Desktop/2026/anki-forge/target/debug/deps/liburl-8812bf27633e933a.rlib --extern zip=/Users/hp/Desktop/2026/anki-forge/target/debug/deps/libzip-e3a2aeb1cdb2fffe.rlib --extern zstd=/Users/hp/Desktop/2026/anki-forge/target/debug/deps/libzstd-2d4f4f96c801ed7a.rlib -L native=/Users/hp/Desktop/2026/anki-forge/target/debug/build/blake3-c06daab911a0c52a/out -L native=/Users/hp/Desktop/2026/anki-forge/target/debug/build/libsqlite3-sys-4db63674929bf6f6/out -L native=/Users/hp/Desktop/2026/anki-forge/target/debug/build/zstd-sys-07172dd2be32eeae/out`
     Running `/Users/hp/.rustup/toolchains/1.92.0-aarch64-apple-darwin/bin/rustc --crate-name fixture_gate_tests --edition=2021 contract_tools/tests/fixture_gate_tests.rs --error-format=json --json=diagnostic-rendered-ansi,artifacts,future-incompat --emit=dep-info,link -C embed-bitcode=no -C debuginfo=2 -C split-debuginfo=unpacked --forbid=unsafe_code --test --check-cfg 'cfg(docsrs,test)' --check-cfg 'cfg(feature, values())' -C metadata=9480b2f7c6ff921f -C extra-filename=-7af58dd0f566085f --out-dir /Users/hp/Desktop/2026/anki-forge/target/debug/deps -C incremental=/Users/hp/Desktop/2026/anki-forge/target/debug/incremental -L dependency=/Users/hp/Desktop/2026/anki-forge/target/debug/deps --extern ankiforge=/Users/hp/Desktop/2026/anki-forge/target/debug/deps/libankiforge-6a4058180a8d8736.rlib --extern anyhow=/Users/hp/Desktop/2026/anki-forge/target/debug/deps/libanyhow-403bb8d72015634b.rlib --extern blake3=/Users/hp/Desktop/2026/anki-forge/target/debug/deps/libblake3-24958e25ae0d2411.rlib --extern clap=/Users/hp/Desktop/2026/anki-forge/target/debug/deps/libclap-81c07679b9c4e00d.rlib --extern contract_tools=/Users/hp/Desktop/2026/anki-forge/target/debug/deps/libcontract_tools-a9b29afae1496449.rlib --extern flate2=/Users/hp/Desktop/2026/anki-forge/target/debug/deps/libflate2-2802d3062f98c51c.rlib --extern html_escape=/Users/hp/Desktop/2026/anki-forge/target/debug/deps/libhtml_escape-e3c085ed350ccb58.rlib --extern jsonschema=/Users/hp/Desktop/2026/anki-forge/target/debug/deps/libjsonschema-a39f8968116b4bbd.rlib --extern proc_macro2=/Users/hp/Desktop/2026/anki-forge/target/debug/deps/libproc_macro2-5923306382b6e875.rlib --extern prost=/Users/hp/Desktop/2026/anki-forge/target/debug/deps/libprost-3d0f5bdb20156157.rlib --extern rusqlite=/Users/hp/Desktop/2026/anki-forge/target/debug/deps/librusqlite-32f84f393a7c3129.rlib --extern same_file=/Users/hp/Desktop/2026/anki-forge/target/debug/deps/libsame_file-3850703a028eaa69.rlib --extern semver=/Users/hp/Desktop/2026/anki-forge/target/debug/deps/libsemver-31f9d330b41e8a46.rlib --extern serde=/Users/hp/Desktop/2026/anki-forge/target/debug/deps/libserde-9ec1e78b4b5d0ee7.rlib --extern serde_json=/Users/hp/Desktop/2026/anki-forge/target/debug/deps/libserde_json-dd90be139089220c.rlib --extern serde_yaml=/Users/hp/Desktop/2026/anki-forge/target/debug/deps/libserde_yaml-1cea46448a61c91a.rlib --extern sha1=/Users/hp/Desktop/2026/anki-forge/target/debug/deps/libsha1-b3307e50b0a4dd21.rlib --extern syn=/Users/hp/Desktop/2026/anki-forge/target/debug/deps/libsyn-ed0dddf67a1f9f25.rlib --extern tar=/Users/hp/Desktop/2026/anki-forge/target/debug/deps/libtar-e8452efe9c10b6ce.rlib --extern tempfile=/Users/hp/Desktop/2026/anki-forge/target/debug/deps/libtempfile-38023131a295c674.rlib --extern url=/Users/hp/Desktop/2026/anki-forge/target/debug/deps/liburl-8812bf27633e933a.rlib --extern zip=/Users/hp/Desktop/2026/anki-forge/target/debug/deps/libzip-e3a2aeb1cdb2fffe.rlib --extern zstd=/Users/hp/Desktop/2026/anki-forge/target/debug/deps/libzstd-2d4f4f96c801ed7a.rlib -L native=/Users/hp/Desktop/2026/anki-forge/target/debug/build/blake3-c06daab911a0c52a/out -L native=/Users/hp/Desktop/2026/anki-forge/target/debug/build/libsqlite3-sys-4db63674929bf6f6/out -L native=/Users/hp/Desktop/2026/anki-forge/target/debug/build/zstd-sys-07172dd2be32eeae/out`
     Running `/Users/hp/.rustup/toolchains/1.92.0-aarch64-apple-darwin/bin/rustc --crate-name workspace_smoke_tests --edition=2021 contract_tools/tests/workspace_smoke_tests.rs --error-format=json --json=diagnostic-rendered-ansi,artifacts,future-incompat --emit=dep-info,link -C embed-bitcode=no -C debuginfo=2 -C split-debuginfo=unpacked --forbid=unsafe_code --test --check-cfg 'cfg(docsrs,test)' --check-cfg 'cfg(feature, values())' -C metadata=edc239cc09203d05 -C extra-filename=-4bbc1f393a880aa4 --out-dir /Users/hp/Desktop/2026/anki-forge/target/debug/deps -C incremental=/Users/hp/Desktop/2026/anki-forge/target/debug/incremental -L dependency=/Users/hp/Desktop/2026/anki-forge/target/debug/deps --extern ankiforge=/Users/hp/Desktop/2026/anki-forge/target/debug/deps/libankiforge-6a4058180a8d8736.rlib --extern anyhow=/Users/hp/Desktop/2026/anki-forge/target/debug/deps/libanyhow-403bb8d72015634b.rlib --extern blake3=/Users/hp/Desktop/2026/anki-forge/target/debug/deps/libblake3-24958e25ae0d2411.rlib --extern clap=/Users/hp/Desktop/2026/anki-forge/target/debug/deps/libclap-81c07679b9c4e00d.rlib --extern contract_tools=/Users/hp/Desktop/2026/anki-forge/target/debug/deps/libcontract_tools-a9b29afae1496449.rlib --extern flate2=/Users/hp/Desktop/2026/anki-forge/target/debug/deps/libflate2-2802d3062f98c51c.rlib --extern html_escape=/Users/hp/Desktop/2026/anki-forge/target/debug/deps/libhtml_escape-e3c085ed350ccb58.rlib --extern jsonschema=/Users/hp/Desktop/2026/anki-forge/target/debug/deps/libjsonschema-a39f8968116b4bbd.rlib --extern proc_macro2=/Users/hp/Desktop/2026/anki-forge/target/debug/deps/libproc_macro2-5923306382b6e875.rlib --extern prost=/Users/hp/Desktop/2026/anki-forge/target/debug/deps/libprost-3d0f5bdb20156157.rlib --extern rusqlite=/Users/hp/Desktop/2026/anki-forge/target/debug/deps/librusqlite-32f84f393a7c3129.rlib --extern same_file=/Users/hp/Desktop/2026/anki-forge/target/debug/deps/libsame_file-3850703a028eaa69.rlib --extern semver=/Users/hp/Desktop/2026/anki-forge/target/debug/deps/libsemver-31f9d330b41e8a46.rlib --extern serde=/Users/hp/Desktop/2026/anki-forge/target/debug/deps/libserde-9ec1e78b4b5d0ee7.rlib --extern serde_json=/Users/hp/Desktop/2026/anki-forge/target/debug/deps/libserde_json-dd90be139089220c.rlib --extern serde_yaml=/Users/hp/Desktop/2026/anki-forge/target/debug/deps/libserde_yaml-1cea46448a61c91a.rlib --extern sha1=/Users/hp/Desktop/2026/anki-forge/target/debug/deps/libsha1-b3307e50b0a4dd21.rlib --extern syn=/Users/hp/Desktop/2026/anki-forge/target/debug/deps/libsyn-ed0dddf67a1f9f25.rlib --extern tar=/Users/hp/Desktop/2026/anki-forge/target/debug/deps/libtar-e8452efe9c10b6ce.rlib --extern tempfile=/Users/hp/Desktop/2026/anki-forge/target/debug/deps/libtempfile-38023131a295c674.rlib --extern url=/Users/hp/Desktop/2026/anki-forge/target/debug/deps/liburl-8812bf27633e933a.rlib --extern zip=/Users/hp/Desktop/2026/anki-forge/target/debug/deps/libzip-e3a2aeb1cdb2fffe.rlib --extern zstd=/Users/hp/Desktop/2026/anki-forge/target/debug/deps/libzstd-2d4f4f96c801ed7a.rlib -L native=/Users/hp/Desktop/2026/anki-forge/target/debug/build/blake3-c06daab911a0c52a/out -L native=/Users/hp/Desktop/2026/anki-forge/target/debug/build/libsqlite3-sys-4db63674929bf6f6/out -L native=/Users/hp/Desktop/2026/anki-forge/target/debug/build/zstd-sys-07172dd2be32eeae/out`
     Running `/Users/hp/.rustup/toolchains/1.92.0-aarch64-apple-darwin/bin/rustc --crate-name website_showcase --edition=2021 anki_forge/examples/website_showcase.rs --error-format=json --json=diagnostic-rendered-ansi,artifacts,future-incompat --crate-type bin --emit=dep-info,link -C embed-bitcode=no -C debuginfo=2 -C split-debuginfo=unpacked --forbid=unsafe_code --cfg 'feature="default"' --cfg 'feature="internal-tools"' --check-cfg 'cfg(docsrs,test)' --check-cfg 'cfg(feature, values("default", "internal-tools"))' -C metadata=b05c67f9246dea03 -C extra-filename=-12c6730a53296580 --out-dir /Users/hp/Desktop/2026/anki-forge/target/debug/examples -C incremental=/Users/hp/Desktop/2026/anki-forge/target/debug/incremental -L dependency=/Users/hp/Desktop/2026/anki-forge/target/debug/deps --extern ankiforge=/Users/hp/Desktop/2026/anki-forge/target/debug/deps/libankiforge-6a4058180a8d8736.rlib --extern anyhow=/Users/hp/Desktop/2026/anki-forge/target/debug/deps/libanyhow-403bb8d72015634b.rlib --extern base64=/Users/hp/Desktop/2026/anki-forge/target/debug/deps/libbase64-80c574e62179e036.rlib --extern blake3=/Users/hp/Desktop/2026/anki-forge/target/debug/deps/libblake3-24958e25ae0d2411.rlib --extern crc32fast=/Users/hp/Desktop/2026/anki-forge/target/debug/deps/libcrc32fast-58c8b7e40d38fc4b.rlib --extern flate2=/Users/hp/Desktop/2026/anki-forge/target/debug/deps/libflate2-2802d3062f98c51c.rlib --extern hex=/Users/hp/Desktop/2026/anki-forge/target/debug/deps/libhex-3dca52aca8dcd8c9.rlib --extern html_escape=/Users/hp/Desktop/2026/anki-forge/target/debug/deps/libhtml_escape-e3c085ed350ccb58.rlib --extern image=/Users/hp/Desktop/2026/anki-forge/target/debug/deps/libimage-4a807564eb732bd1.rlib --extern imagesize=/Users/hp/Desktop/2026/anki-forge/target/debug/deps/libimagesize-93a183a70ec0270d.rlib --extern jsonschema=/Users/hp/Desktop/2026/anki-forge/target/debug/deps/libjsonschema-a39f8968116b4bbd.rlib --extern mime=/Users/hp/Desktop/2026/anki-forge/target/debug/deps/libmime-4d10f548eb0f4473.rlib --extern proptest=/Users/hp/Desktop/2026/anki-forge/target/debug/deps/libproptest-d399eacdec501536.rlib --extern prost=/Users/hp/Desktop/2026/anki-forge/target/debug/deps/libprost-3d0f5bdb20156157.rlib --extern rand=/Users/hp/Desktop/2026/anki-forge/target/debug/deps/librand-e1c1a274086e5ae7.rlib --extern rusqlite=/Users/hp/Desktop/2026/anki-forge/target/debug/deps/librusqlite-32f84f393a7c3129.rlib --extern rustix=/Users/hp/Desktop/2026/anki-forge/target/debug/deps/librustix-a916b6450ee806df.rlib --extern same_file=/Users/hp/Desktop/2026/anki-forge/target/debug/deps/libsame_file-3850703a028eaa69.rlib --extern serde=/Users/hp/Desktop/2026/anki-forge/target/debug/deps/libserde-9ec1e78b4b5d0ee7.rlib --extern serde_json=/Users/hp/Desktop/2026/anki-forge/target/debug/deps/libserde_json-dd90be139089220c.rlib --extern serde_yaml=/Users/hp/Desktop/2026/anki-forge/target/debug/deps/libserde_yaml-1cea46448a61c91a.rlib --extern sha1=/Users/hp/Desktop/2026/anki-forge/target/debug/deps/libsha1-b3307e50b0a4dd21.rlib --extern tar=/Users/hp/Desktop/2026/anki-forge/target/debug/deps/libtar-e8452efe9c10b6ce.rlib --extern tempfile=/Users/hp/Desktop/2026/anki-forge/target/debug/deps/libtempfile-38023131a295c674.rlib --extern unicase=/Users/hp/Desktop/2026/anki-forge/target/debug/deps/libunicase-36082f46f7a1b408.rlib --extern unicode_normalization=/Users/hp/Desktop/2026/anki-forge/target/debug/deps/libunicode_normalization-5c250c5de084f684.rlib --extern url=/Users/hp/Desktop/2026/anki-forge/target/debug/deps/liburl-8812bf27633e933a.rlib --extern zip=/Users/hp/Desktop/2026/anki-forge/target/debug/deps/libzip-e3a2aeb1cdb2fffe.rlib --extern zstd=/Users/hp/Desktop/2026/anki-forge/target/debug/deps/libzstd-2d4f4f96c801ed7a.rlib -L native=/Users/hp/Desktop/2026/anki-forge/target/debug/build/blake3-c06daab911a0c52a/out -L native=/Users/hp/Desktop/2026/anki-forge/target/debug/build/libsqlite3-sys-4db63674929bf6f6/out -L native=/Users/hp/Desktop/2026/anki-forge/target/debug/build/zstd-sys-07172dd2be32eeae/out`
     Running `/Users/hp/.rustup/toolchains/1.92.0-aarch64-apple-darwin/bin/rustc --crate-name add_context_tests --edition=2021 anki_forge/tests/add_context_tests.rs --error-format=json --json=diagnostic-rendered-ansi,artifacts,future-incompat --emit=dep-info,link -C embed-bitcode=no -C debuginfo=2 -C split-debuginfo=unpacked --forbid=unsafe_code --test --cfg 'feature="default"' --cfg 'feature="internal-tools"' --check-cfg 'cfg(docsrs,test)' --check-cfg 'cfg(feature, values("default", "internal-tools"))' -C metadata=0ad8fcbc7f31c158 -C extra-filename=-0e6dad3ae0c4b201 --out-dir /Users/hp/Desktop/2026/anki-forge/target/debug/deps -C incremental=/Users/hp/Desktop/2026/anki-forge/target/debug/incremental -L dependency=/Users/hp/Desktop/2026/anki-forge/target/debug/deps --extern ankiforge=/Users/hp/Desktop/2026/anki-forge/target/debug/deps/libankiforge-6a4058180a8d8736.rlib --extern anyhow=/Users/hp/Desktop/2026/anki-forge/target/debug/deps/libanyhow-403bb8d72015634b.rlib --extern base64=/Users/hp/Desktop/2026/anki-forge/target/debug/deps/libbase64-80c574e62179e036.rlib --extern blake3=/Users/hp/Desktop/2026/anki-forge/target/debug/deps/libblake3-24958e25ae0d2411.rlib --extern crc32fast=/Users/hp/Desktop/2026/anki-forge/target/debug/deps/libcrc32fast-58c8b7e40d38fc4b.rlib --extern flate2=/Users/hp/Desktop/2026/anki-forge/target/debug/deps/libflate2-2802d3062f98c51c.rlib --extern hex=/Users/hp/Desktop/2026/anki-forge/target/debug/deps/libhex-3dca52aca8dcd8c9.rlib --extern html_escape=/Users/hp/Desktop/2026/anki-forge/target/debug/deps/libhtml_escape-e3c085ed350ccb58.rlib --extern image=/Users/hp/Desktop/2026/anki-forge/target/debug/deps/libimage-4a807564eb732bd1.rlib --extern imagesize=/Users/hp/Desktop/2026/anki-forge/target/debug/deps/libimagesize-93a183a70ec0270d.rlib --extern jsonschema=/Users/hp/Desktop/2026/anki-forge/target/debug/deps/libjsonschema-a39f8968116b4bbd.rlib --extern mime=/Users/hp/Desktop/2026/anki-forge/target/debug/deps/libmime-4d10f548eb0f4473.rlib --extern proptest=/Users/hp/Desktop/2026/anki-forge/target/debug/deps/libproptest-d399eacdec501536.rlib --extern prost=/Users/hp/Desktop/2026/anki-forge/target/debug/deps/libprost-3d0f5bdb20156157.rlib --extern rand=/Users/hp/Desktop/2026/anki-forge/target/debug/deps/librand-e1c1a274086e5ae7.rlib --extern rusqlite=/Users/hp/Desktop/2026/anki-forge/target/debug/deps/librusqlite-32f84f393a7c3129.rlib --extern rustix=/Users/hp/Desktop/2026/anki-forge/target/debug/deps/librustix-a916b6450ee806df.rlib --extern same_file=/Users/hp/Desktop/2026/anki-forge/target/debug/deps/libsame_file-3850703a028eaa69.rlib --extern serde=/Users/hp/Desktop/2026/anki-forge/target/debug/deps/libserde-9ec1e78b4b5d0ee7.rlib --extern serde_json=/Users/hp/Desktop/2026/anki-forge/target/debug/deps/libserde_json-dd90be139089220c.rlib --extern serde_yaml=/Users/hp/Desktop/2026/anki-forge/target/debug/deps/libserde_yaml-1cea46448a61c91a.rlib --extern sha1=/Users/hp/Desktop/2026/anki-forge/target/debug/deps/libsha1-b3307e50b0a4dd21.rlib --extern tar=/Users/hp/Desktop/2026/anki-forge/target/debug/deps/libtar-e8452efe9c10b6ce.rlib --extern tempfile=/Users/hp/Desktop/2026/anki-forge/target/debug/deps/libtempfile-38023131a295c674.rlib --extern unicase=/Users/hp/Desktop/2026/anki-forge/target/debug/deps/libunicase-36082f46f7a1b408.rlib --extern unicode_normalization=/Users/hp/Desktop/2026/anki-forge/target/debug/deps/libunicode_normalization-5c250c5de084f684.rlib --extern url=/Users/hp/Desktop/2026/anki-forge/target/debug/deps/liburl-8812bf27633e933a.rlib --extern zip=/Users/hp/Desktop/2026/anki-forge/target/debug/deps/libzip-e3a2aeb1cdb2fffe.rlib --extern zstd=/Users/hp/Desktop/2026/anki-forge/target/debug/deps/libzstd-2d4f4f96c801ed7a.rlib -L native=/Users/hp/Desktop/2026/anki-forge/target/debug/build/blake3-c06daab911a0c52a/out -L native=/Users/hp/Desktop/2026/anki-forge/target/debug/build/libsqlite3-sys-4db63674929bf6f6/out -L native=/Users/hp/Desktop/2026/anki-forge/target/debug/build/zstd-sys-07172dd2be32eeae/out`
     Running `/Users/hp/.rustup/toolchains/1.92.0-aarch64-apple-darwin/bin/rustc --crate-name registry_gate_tests --edition=2021 contract_tools/tests/registry_gate_tests.rs --error-format=json --json=diagnostic-rendered-ansi,artifacts,future-incompat --emit=dep-info,link -C embed-bitcode=no -C debuginfo=2 -C split-debuginfo=unpacked --forbid=unsafe_code --test --check-cfg 'cfg(docsrs,test)' --check-cfg 'cfg(feature, values())' -C metadata=0d074f4687e13446 -C extra-filename=-1a8e53759ff3330e --out-dir /Users/hp/Desktop/2026/anki-forge/target/debug/deps -C incremental=/Users/hp/Desktop/2026/anki-forge/target/debug/incremental -L dependency=/Users/hp/Desktop/2026/anki-forge/target/debug/deps --extern ankiforge=/Users/hp/Desktop/2026/anki-forge/target/debug/deps/libankiforge-6a4058180a8d8736.rlib --extern anyhow=/Users/hp/Desktop/2026/anki-forge/target/debug/deps/libanyhow-403bb8d72015634b.rlib --extern blake3=/Users/hp/Desktop/2026/anki-forge/target/debug/deps/libblake3-24958e25ae0d2411.rlib --extern clap=/Users/hp/Desktop/2026/anki-forge/target/debug/deps/libclap-81c07679b9c4e00d.rlib --extern contract_tools=/Users/hp/Desktop/2026/anki-forge/target/debug/deps/libcontract_tools-a9b29afae1496449.rlib --extern flate2=/Users/hp/Desktop/2026/anki-forge/target/debug/deps/libflate2-2802d3062f98c51c.rlib --extern html_escape=/Users/hp/Desktop/2026/anki-forge/target/debug/deps/libhtml_escape-e3c085ed350ccb58.rlib --extern jsonschema=/Users/hp/Desktop/2026/anki-forge/target/debug/deps/libjsonschema-a39f8968116b4bbd.rlib --extern proc_macro2=/Users/hp/Desktop/2026/anki-forge/target/debug/deps/libproc_macro2-5923306382b6e875.rlib --extern prost=/Users/hp/Desktop/2026/anki-forge/target/debug/deps/libprost-3d0f5bdb20156157.rlib --extern rusqlite=/Users/hp/Desktop/2026/anki-forge/target/debug/deps/librusqlite-32f84f393a7c3129.rlib --extern same_file=/Users/hp/Desktop/2026/anki-forge/target/debug/deps/libsame_file-3850703a028eaa69.rlib --extern semver=/Users/hp/Desktop/2026/anki-forge/target/debug/deps/libsemver-31f9d330b41e8a46.rlib --extern serde=/Users/hp/Desktop/2026/anki-forge/target/debug/deps/libserde-9ec1e78b4b5d0ee7.rlib --extern serde_json=/Users/hp/Desktop/2026/anki-forge/target/debug/deps/libserde_json-dd90be139089220c.rlib --extern serde_yaml=/Users/hp/Desktop/2026/anki-forge/target/debug/deps/libserde_yaml-1cea46448a61c91a.rlib --extern sha1=/Users/hp/Desktop/2026/anki-forge/target/debug/deps/libsha1-b3307e50b0a4dd21.rlib --extern syn=/Users/hp/Desktop/2026/anki-forge/target/debug/deps/libsyn-ed0dddf67a1f9f25.rlib --extern tar=/Users/hp/Desktop/2026/anki-forge/target/debug/deps/libtar-e8452efe9c10b6ce.rlib --extern tempfile=/Users/hp/Desktop/2026/anki-forge/target/debug/deps/libtempfile-38023131a295c674.rlib --extern url=/Users/hp/Desktop/2026/anki-forge/target/debug/deps/liburl-8812bf27633e933a.rlib --extern zip=/Users/hp/Desktop/2026/anki-forge/target/debug/deps/libzip-e3a2aeb1cdb2fffe.rlib --extern zstd=/Users/hp/Desktop/2026/anki-forge/target/debug/deps/libzstd-2d4f4f96c801ed7a.rlib -L native=/Users/hp/Desktop/2026/anki-forge/target/debug/build/blake3-c06daab911a0c52a/out -L native=/Users/hp/Desktop/2026/anki-forge/target/debug/build/libsqlite3-sys-4db63674929bf6f6/out -L native=/Users/hp/Desktop/2026/anki-forge/target/debug/build/zstd-sys-07172dd2be32eeae/out`
     Running `/Users/hp/.rustup/toolchains/1.92.0-aarch64-apple-darwin/bin/rustc --crate-name build_report_tests --edition=2021 anki_forge/tests/build_report_tests.rs --error-format=json --json=diagnostic-rendered-ansi,artifacts,future-incompat --emit=dep-info,link -C embed-bitcode=no -C debuginfo=2 -C split-debuginfo=unpacked --forbid=unsafe_code --test --cfg 'feature="default"' --cfg 'feature="internal-tools"' --check-cfg 'cfg(docsrs,test)' --check-cfg 'cfg(feature, values("default", "internal-tools"))' -C metadata=f83c5eabdac5aaed -C extra-filename=-354e0d6d5e0e98fa --out-dir /Users/hp/Desktop/2026/anki-forge/target/debug/deps -C incremental=/Users/hp/Desktop/2026/anki-forge/target/debug/incremental -L dependency=/Users/hp/Desktop/2026/anki-forge/target/debug/deps --extern ankiforge=/Users/hp/Desktop/2026/anki-forge/target/debug/deps/libankiforge-6a4058180a8d8736.rlib --extern anyhow=/Users/hp/Desktop/2026/anki-forge/target/debug/deps/libanyhow-403bb8d72015634b.rlib --extern base64=/Users/hp/Desktop/2026/anki-forge/target/debug/deps/libbase64-80c574e62179e036.rlib --extern blake3=/Users/hp/Desktop/2026/anki-forge/target/debug/deps/libblake3-24958e25ae0d2411.rlib --extern crc32fast=/Users/hp/Desktop/2026/anki-forge/target/debug/deps/libcrc32fast-58c8b7e40d38fc4b.rlib --extern flate2=/Users/hp/Desktop/2026/anki-forge/target/debug/deps/libflate2-2802d3062f98c51c.rlib --extern hex=/Users/hp/Desktop/2026/anki-forge/target/debug/deps/libhex-3dca52aca8dcd8c9.rlib --extern html_escape=/Users/hp/Desktop/2026/anki-forge/target/debug/deps/libhtml_escape-e3c085ed350ccb58.rlib --extern image=/Users/hp/Desktop/2026/anki-forge/target/debug/deps/libimage-4a807564eb732bd1.rlib --extern imagesize=/Users/hp/Desktop/2026/anki-forge/target/debug/deps/libimagesize-93a183a70ec0270d.rlib --extern jsonschema=/Users/hp/Desktop/2026/anki-forge/target/debug/deps/libjsonschema-a39f8968116b4bbd.rlib --extern mime=/Users/hp/Desktop/2026/anki-forge/target/debug/deps/libmime-4d10f548eb0f4473.rlib --extern proptest=/Users/hp/Desktop/2026/anki-forge/target/debug/deps/libproptest-d399eacdec501536.rlib --extern prost=/Users/hp/Desktop/2026/anki-forge/target/debug/deps/libprost-3d0f5bdb20156157.rlib --extern rand=/Users/hp/Desktop/2026/anki-forge/target/debug/deps/librand-e1c1a274086e5ae7.rlib --extern rusqlite=/Users/hp/Desktop/2026/anki-forge/target/debug/deps/librusqlite-32f84f393a7c3129.rlib --extern rustix=/Users/hp/Desktop/2026/anki-forge/target/debug/deps/librustix-a916b6450ee806df.rlib --extern same_file=/Users/hp/Desktop/2026/anki-forge/target/debug/deps/libsame_file-3850703a028eaa69.rlib --extern serde=/Users/hp/Desktop/2026/anki-forge/target/debug/deps/libserde-9ec1e78b4b5d0ee7.rlib --extern serde_json=/Users/hp/Desktop/2026/anki-forge/target/debug/deps/libserde_json-dd90be139089220c.rlib --extern serde_yaml=/Users/hp/Desktop/2026/anki-forge/target/debug/deps/libserde_yaml-1cea46448a61c91a.rlib --extern sha1=/Users/hp/Desktop/2026/anki-forge/target/debug/deps/libsha1-b3307e50b0a4dd21.rlib --extern tar=/Users/hp/Desktop/2026/anki-forge/target/debug/deps/libtar-e8452efe9c10b6ce.rlib --extern tempfile=/Users/hp/Desktop/2026/anki-forge/target/debug/deps/libtempfile-38023131a295c674.rlib --extern unicase=/Users/hp/Desktop/2026/anki-forge/target/debug/deps/libunicase-36082f46f7a1b408.rlib --extern unicode_normalization=/Users/hp/Desktop/2026/anki-forge/target/debug/deps/libunicode_normalization-5c250c5de084f684.rlib --extern url=/Users/hp/Desktop/2026/anki-forge/target/debug/deps/liburl-8812bf27633e933a.rlib --extern zip=/Users/hp/Desktop/2026/anki-forge/target/debug/deps/libzip-e3a2aeb1cdb2fffe.rlib --extern zstd=/Users/hp/Desktop/2026/anki-forge/target/debug/deps/libzstd-2d4f4f96c801ed7a.rlib -L native=/Users/hp/Desktop/2026/anki-forge/target/debug/build/blake3-c06daab911a0c52a/out -L native=/Users/hp/Desktop/2026/anki-forge/target/debug/build/libsqlite3-sys-4db63674929bf6f6/out -L native=/Users/hp/Desktop/2026/anki-forge/target/debug/build/zstd-sys-07172dd2be32eeae/out`
     Running `/Users/hp/.rustup/toolchains/1.92.0-aarch64-apple-darwin/bin/rustc --crate-name manual_template_bundle_scenario --edition=2021 anki_forge/examples/manual_template_bundle_scenario.rs --error-format=json --json=diagnostic-rendered-ansi,artifacts,future-incompat --crate-type bin --emit=dep-info,link -C embed-bitcode=no -C debuginfo=2 -C split-debuginfo=unpacked --forbid=unsafe_code --cfg 'feature="default"' --cfg 'feature="internal-tools"' --check-cfg 'cfg(docsrs,test)' --check-cfg 'cfg(feature, values("default", "internal-tools"))' -C metadata=5121a6fa886a4033 -C extra-filename=-c83fd7fe963c6424 --out-dir /Users/hp/Desktop/2026/anki-forge/target/debug/examples -C incremental=/Users/hp/Desktop/2026/anki-forge/target/debug/incremental -L dependency=/Users/hp/Desktop/2026/anki-forge/target/debug/deps --extern ankiforge=/Users/hp/Desktop/2026/anki-forge/target/debug/deps/libankiforge-6a4058180a8d8736.rlib --extern anyhow=/Users/hp/Desktop/2026/anki-forge/target/debug/deps/libanyhow-403bb8d72015634b.rlib --extern base64=/Users/hp/Desktop/2026/anki-forge/target/debug/deps/libbase64-80c574e62179e036.rlib --extern blake3=/Users/hp/Desktop/2026/anki-forge/target/debug/deps/libblake3-24958e25ae0d2411.rlib --extern crc32fast=/Users/hp/Desktop/2026/anki-forge/target/debug/deps/libcrc32fast-58c8b7e40d38fc4b.rlib --extern flate2=/Users/hp/Desktop/2026/anki-forge/target/debug/deps/libflate2-2802d3062f98c51c.rlib --extern hex=/Users/hp/Desktop/2026/anki-forge/target/debug/deps/libhex-3dca52aca8dcd8c9.rlib --extern html_escape=/Users/hp/Desktop/2026/anki-forge/target/debug/deps/libhtml_escape-e3c085ed350ccb58.rlib --extern image=/Users/hp/Desktop/2026/anki-forge/target/debug/deps/libimage-4a807564eb732bd1.rlib --extern imagesize=/Users/hp/Desktop/2026/anki-forge/target/debug/deps/libimagesize-93a183a70ec0270d.rlib --extern jsonschema=/Users/hp/Desktop/2026/anki-forge/target/debug/deps/libjsonschema-a39f8968116b4bbd.rlib --extern mime=/Users/hp/Desktop/2026/anki-forge/target/debug/deps/libmime-4d10f548eb0f4473.rlib --extern proptest=/Users/hp/Desktop/2026/anki-forge/target/debug/deps/libproptest-d399eacdec501536.rlib --extern prost=/Users/hp/Desktop/2026/anki-forge/target/debug/deps/libprost-3d0f5bdb20156157.rlib --extern rand=/Users/hp/Desktop/2026/anki-forge/target/debug/deps/librand-e1c1a274086e5ae7.rlib --extern rusqlite=/Users/hp/Desktop/2026/anki-forge/target/debug/deps/librusqlite-32f84f393a7c3129.rlib --extern rustix=/Users/hp/Desktop/2026/anki-forge/target/debug/deps/librustix-a916b6450ee806df.rlib --extern same_file=/Users/hp/Desktop/2026/anki-forge/target/debug/deps/libsame_file-3850703a028eaa69.rlib --extern serde=/Users/hp/Desktop/2026/anki-forge/target/debug/deps/libserde-9ec1e78b4b5d0ee7.rlib --extern serde_json=/Users/hp/Desktop/2026/anki-forge/target/debug/deps/libserde_json-dd90be139089220c.rlib --extern serde_yaml=/Users/hp/Desktop/2026/anki-forge/target/debug/deps/libserde_yaml-1cea46448a61c91a.rlib --extern sha1=/Users/hp/Desktop/2026/anki-forge/target/debug/deps/libsha1-b3307e50b0a4dd21.rlib --extern tar=/Users/hp/Desktop/2026/anki-forge/target/debug/deps/libtar-e8452efe9c10b6ce.rlib --extern tempfile=/Users/hp/Desktop/2026/anki-forge/target/debug/deps/libtempfile-38023131a295c674.rlib --extern unicase=/Users/hp/Desktop/2026/anki-forge/target/debug/deps/libunicase-36082f46f7a1b408.rlib --extern unicode_normalization=/Users/hp/Desktop/2026/anki-forge/target/debug/deps/libunicode_normalization-5c250c5de084f684.rlib --extern url=/Users/hp/Desktop/2026/anki-forge/target/debug/deps/liburl-8812bf27633e933a.rlib --extern zip=/Users/hp/Desktop/2026/anki-forge/target/debug/deps/libzip-e3a2aeb1cdb2fffe.rlib --extern zstd=/Users/hp/Desktop/2026/anki-forge/target/debug/deps/libzstd-2d4f4f96c801ed7a.rlib -L native=/Users/hp/Desktop/2026/anki-forge/target/debug/build/blake3-c06daab911a0c52a/out -L native=/Users/hp/Desktop/2026/anki-forge/target/debug/build/libsqlite3-sys-4db63674929bf6f6/out -L native=/Users/hp/Desktop/2026/anki-forge/target/debug/build/zstd-sys-07172dd2be32eeae/out`
     Running `/Users/hp/.rustup/toolchains/1.92.0-aarch64-apple-darwin/bin/rustc --crate-name package_tests --edition=2021 contract_tools/tests/package_tests.rs --error-format=json --json=diagnostic-rendered-ansi,artifacts,future-incompat --emit=dep-info,link -C embed-bitcode=no -C debuginfo=2 -C split-debuginfo=unpacked --forbid=unsafe_code --test --check-cfg 'cfg(docsrs,test)' --check-cfg 'cfg(feature, values())' -C metadata=93cc7067a612db26 -C extra-filename=-807d8d63eaa6d8a3 --out-dir /Users/hp/Desktop/2026/anki-forge/target/debug/deps -C incremental=/Users/hp/Desktop/2026/anki-forge/target/debug/incremental -L dependency=/Users/hp/Desktop/2026/anki-forge/target/debug/deps --extern ankiforge=/Users/hp/Desktop/2026/anki-forge/target/debug/deps/libankiforge-6a4058180a8d8736.rlib --extern anyhow=/Users/hp/Desktop/2026/anki-forge/target/debug/deps/libanyhow-403bb8d72015634b.rlib --extern blake3=/Users/hp/Desktop/2026/anki-forge/target/debug/deps/libblake3-24958e25ae0d2411.rlib --extern clap=/Users/hp/Desktop/2026/anki-forge/target/debug/deps/libclap-81c07679b9c4e00d.rlib --extern contract_tools=/Users/hp/Desktop/2026/anki-forge/target/debug/deps/libcontract_tools-a9b29afae1496449.rlib --extern flate2=/Users/hp/Desktop/2026/anki-forge/target/debug/deps/libflate2-2802d3062f98c51c.rlib --extern html_escape=/Users/hp/Desktop/2026/anki-forge/target/debug/deps/libhtml_escape-e3c085ed350ccb58.rlib --extern jsonschema=/Users/hp/Desktop/2026/anki-forge/target/debug/deps/libjsonschema-a39f8968116b4bbd.rlib --extern proc_macro2=/Users/hp/Desktop/2026/anki-forge/target/debug/deps/libproc_macro2-5923306382b6e875.rlib --extern prost=/Users/hp/Desktop/2026/anki-forge/target/debug/deps/libprost-3d0f5bdb20156157.rlib --extern rusqlite=/Users/hp/Desktop/2026/anki-forge/target/debug/deps/librusqlite-32f84f393a7c3129.rlib --extern same_file=/Users/hp/Desktop/2026/anki-forge/target/debug/deps/libsame_file-3850703a028eaa69.rlib --extern semver=/Users/hp/Desktop/2026/anki-forge/target/debug/deps/libsemver-31f9d330b41e8a46.rlib --extern serde=/Users/hp/Desktop/2026/anki-forge/target/debug/deps/libserde-9ec1e78b4b5d0ee7.rlib --extern serde_json=/Users/hp/Desktop/2026/anki-forge/target/debug/deps/libserde_json-dd90be139089220c.rlib --extern serde_yaml=/Users/hp/Desktop/2026/anki-forge/target/debug/deps/libserde_yaml-1cea46448a61c91a.rlib --extern sha1=/Users/hp/Desktop/2026/anki-forge/target/debug/deps/libsha1-b3307e50b0a4dd21.rlib --extern syn=/Users/hp/Desktop/2026/anki-forge/target/debug/deps/libsyn-ed0dddf67a1f9f25.rlib --extern tar=/Users/hp/Desktop/2026/anki-forge/target/debug/deps/libtar-e8452efe9c10b6ce.rlib --extern tempfile=/Users/hp/Desktop/2026/anki-forge/target/debug/deps/libtempfile-38023131a295c674.rlib --extern url=/Users/hp/Desktop/2026/anki-forge/target/debug/deps/liburl-8812bf27633e933a.rlib --extern zip=/Users/hp/Desktop/2026/anki-forge/target/debug/deps/libzip-e3a2aeb1cdb2fffe.rlib --extern zstd=/Users/hp/Desktop/2026/anki-forge/target/debug/deps/libzstd-2d4f4f96c801ed7a.rlib -L native=/Users/hp/Desktop/2026/anki-forge/target/debug/build/blake3-c06daab911a0c52a/out -L native=/Users/hp/Desktop/2026/anki-forge/target/debug/build/libsqlite3-sys-4db63674929bf6f6/out -L native=/Users/hp/Desktop/2026/anki-forge/target/debug/build/zstd-sys-07172dd2be32eeae/out`
     Running `/Users/hp/.rustup/toolchains/1.92.0-aarch64-apple-darwin/bin/rustc --crate-name target_api_basic --edition=2021 anki_forge/examples/target_api_basic.rs --error-format=json --json=diagnostic-rendered-ansi,artifacts,future-incompat --crate-type bin --emit=dep-info,link -C embed-bitcode=no -C debuginfo=2 -C split-debuginfo=unpacked --forbid=unsafe_code --cfg 'feature="default"' --cfg 'feature="internal-tools"' --check-cfg 'cfg(docsrs,test)' --check-cfg 'cfg(feature, values("default", "internal-tools"))' -C metadata=f323e9fa8593c63a -C extra-filename=-3c1a61f0505a8944 --out-dir /Users/hp/Desktop/2026/anki-forge/target/debug/examples -C incremental=/Users/hp/Desktop/2026/anki-forge/target/debug/incremental -L dependency=/Users/hp/Desktop/2026/anki-forge/target/debug/deps --extern ankiforge=/Users/hp/Desktop/2026/anki-forge/target/debug/deps/libankiforge-6a4058180a8d8736.rlib --extern anyhow=/Users/hp/Desktop/2026/anki-forge/target/debug/deps/libanyhow-403bb8d72015634b.rlib --extern base64=/Users/hp/Desktop/2026/anki-forge/target/debug/deps/libbase64-80c574e62179e036.rlib --extern blake3=/Users/hp/Desktop/2026/anki-forge/target/debug/deps/libblake3-24958e25ae0d2411.rlib --extern crc32fast=/Users/hp/Desktop/2026/anki-forge/target/debug/deps/libcrc32fast-58c8b7e40d38fc4b.rlib --extern flate2=/Users/hp/Desktop/2026/anki-forge/target/debug/deps/libflate2-2802d3062f98c51c.rlib --extern hex=/Users/hp/Desktop/2026/anki-forge/target/debug/deps/libhex-3dca52aca8dcd8c9.rlib --extern html_escape=/Users/hp/Desktop/2026/anki-forge/target/debug/deps/libhtml_escape-e3c085ed350ccb58.rlib --extern image=/Users/hp/Desktop/2026/anki-forge/target/debug/deps/libimage-4a807564eb732bd1.rlib --extern imagesize=/Users/hp/Desktop/2026/anki-forge/target/debug/deps/libimagesize-93a183a70ec0270d.rlib --extern jsonschema=/Users/hp/Desktop/2026/anki-forge/target/debug/deps/libjsonschema-a39f8968116b4bbd.rlib --extern mime=/Users/hp/Desktop/2026/anki-forge/target/debug/deps/libmime-4d10f548eb0f4473.rlib --extern proptest=/Users/hp/Desktop/2026/anki-forge/target/debug/deps/libproptest-d399eacdec501536.rlib --extern prost=/Users/hp/Desktop/2026/anki-forge/target/debug/deps/libprost-3d0f5bdb20156157.rlib --extern rand=/Users/hp/Desktop/2026/anki-forge/target/debug/deps/librand-e1c1a274086e5ae7.rlib --extern rusqlite=/Users/hp/Desktop/2026/anki-forge/target/debug/deps/librusqlite-32f84f393a7c3129.rlib --extern rustix=/Users/hp/Desktop/2026/anki-forge/target/debug/deps/librustix-a916b6450ee806df.rlib --extern same_file=/Users/hp/Desktop/2026/anki-forge/target/debug/deps/libsame_file-3850703a028eaa69.rlib --extern serde=/Users/hp/Desktop/2026/anki-forge/target/debug/deps/libserde-9ec1e78b4b5d0ee7.rlib --extern serde_json=/Users/hp/Desktop/2026/anki-forge/target/debug/deps/libserde_json-dd90be139089220c.rlib --extern serde_yaml=/Users/hp/Desktop/2026/anki-forge/target/debug/deps/libserde_yaml-1cea46448a61c91a.rlib --extern sha1=/Users/hp/Desktop/2026/anki-forge/target/debug/deps/libsha1-b3307e50b0a4dd21.rlib --extern tar=/Users/hp/Desktop/2026/anki-forge/target/debug/deps/libtar-e8452efe9c10b6ce.rlib --extern tempfile=/Users/hp/Desktop/2026/anki-forge/target/debug/deps/libtempfile-38023131a295c674.rlib --extern unicase=/Users/hp/Desktop/2026/anki-forge/target/debug/deps/libunicase-36082f46f7a1b408.rlib --extern unicode_normalization=/Users/hp/Desktop/2026/anki-forge/target/debug/deps/libunicode_normalization-5c250c5de084f684.rlib --extern url=/Users/hp/Desktop/2026/anki-forge/target/debug/deps/liburl-8812bf27633e933a.rlib --extern zip=/Users/hp/Desktop/2026/anki-forge/target/debug/deps/libzip-e3a2aeb1cdb2fffe.rlib --extern zstd=/Users/hp/Desktop/2026/anki-forge/target/debug/deps/libzstd-2d4f4f96c801ed7a.rlib -L native=/Users/hp/Desktop/2026/anki-forge/target/debug/build/blake3-c06daab911a0c52a/out -L native=/Users/hp/Desktop/2026/anki-forge/target/debug/build/libsqlite3-sys-4db63674929bf6f6/out -L native=/Users/hp/Desktop/2026/anki-forge/target/debug/build/zstd-sys-07172dd2be32eeae/out`
       Dirty anki_forge_node_native v0.2.0 (/Users/hp/Desktop/2026/anki-forge/bindings/node/native): the dependency ankiforge was rebuilt
   Compiling anki_forge_node_native v0.2.0 (/Users/hp/Desktop/2026/anki-forge/bindings/node/native)
     Running `/Users/hp/.rustup/toolchains/1.92.0-aarch64-apple-darwin/bin/rustc --crate-name sdk_parity --edition=2021 bindings/node/native/examples/sdk_parity.rs --error-format=json --json=diagnostic-rendered-ansi,artifacts,future-incompat --crate-type bin --emit=dep-info,link -C embed-bitcode=no -C debuginfo=2 -C split-debuginfo=unpacked --deny=unsafe_code --check-cfg 'cfg(docsrs,test)' --check-cfg 'cfg(feature, values())' -C metadata=2fb4333f29f59811 -C extra-filename=-dff2bd5363aa061a --out-dir /Users/hp/Desktop/2026/anki-forge/target/debug/examples -C incremental=/Users/hp/Desktop/2026/anki-forge/target/debug/incremental -L dependency=/Users/hp/Desktop/2026/anki-forge/target/debug/deps --extern ankiforge=/Users/hp/Desktop/2026/anki-forge/target/debug/deps/libankiforge-6a4058180a8d8736.rlib --extern anyhow=/Users/hp/Desktop/2026/anki-forge/target/debug/deps/libanyhow-403bb8d72015634b.rlib --extern napi=/Users/hp/Desktop/2026/anki-forge/target/debug/deps/libnapi-c65f6a1c7525f6d3.rlib --extern napi_derive=/Users/hp/Desktop/2026/anki-forge/target/debug/deps/libnapi_derive-715a24835484f2dd.dylib --extern rusqlite=/Users/hp/Desktop/2026/anki-forge/target/debug/deps/librusqlite-32f84f393a7c3129.rlib --extern serde=/Users/hp/Desktop/2026/anki-forge/target/debug/deps/libserde-9ec1e78b4b5d0ee7.rlib --extern serde_json=/Users/hp/Desktop/2026/anki-forge/target/debug/deps/libserde_json-dd90be139089220c.rlib --extern tempfile=/Users/hp/Desktop/2026/anki-forge/target/debug/deps/libtempfile-38023131a295c674.rlib --extern zip=/Users/hp/Desktop/2026/anki-forge/target/debug/deps/libzip-e3a2aeb1cdb2fffe.rlib --extern zstd=/Users/hp/Desktop/2026/anki-forge/target/debug/deps/libzstd-2d4f4f96c801ed7a.rlib -L native=/Users/hp/Desktop/2026/anki-forge/target/debug/build/blake3-c06daab911a0c52a/out -L native=/Users/hp/Desktop/2026/anki-forge/target/debug/build/libsqlite3-sys-4db63674929bf6f6/out -L native=/Users/hp/Desktop/2026/anki-forge/target/debug/build/zstd-sys-07172dd2be32eeae/out`
     Running `/Users/hp/.rustup/toolchains/1.92.0-aarch64-apple-darwin/bin/rustc --crate-name stable_facade_boundary_tests --edition=2021 anki_forge/tests/stable_facade_boundary_tests.rs --error-format=json --json=diagnostic-rendered-ansi,artifacts,future-incompat --emit=dep-info,link -C embed-bitcode=no -C debuginfo=2 -C split-debuginfo=unpacked --forbid=unsafe_code --test --cfg 'feature="default"' --cfg 'feature="internal-tools"' --check-cfg 'cfg(docsrs,test)' --check-cfg 'cfg(feature, values("default", "internal-tools"))' -C metadata=bef38f9bc3ec5d47 -C extra-filename=-b26bae2fa6f740f3 --out-dir /Users/hp/Desktop/2026/anki-forge/target/debug/deps -C incremental=/Users/hp/Desktop/2026/anki-forge/target/debug/incremental -L dependency=/Users/hp/Desktop/2026/anki-forge/target/debug/deps --extern ankiforge=/Users/hp/Desktop/2026/anki-forge/target/debug/deps/libankiforge-6a4058180a8d8736.rlib --extern anyhow=/Users/hp/Desktop/2026/anki-forge/target/debug/deps/libanyhow-403bb8d72015634b.rlib --extern base64=/Users/hp/Desktop/2026/anki-forge/target/debug/deps/libbase64-80c574e62179e036.rlib --extern blake3=/Users/hp/Desktop/2026/anki-forge/target/debug/deps/libblake3-24958e25ae0d2411.rlib --extern crc32fast=/Users/hp/Desktop/2026/anki-forge/target/debug/deps/libcrc32fast-58c8b7e40d38fc4b.rlib --extern flate2=/Users/hp/Desktop/2026/anki-forge/target/debug/deps/libflate2-2802d3062f98c51c.rlib --extern hex=/Users/hp/Desktop/2026/anki-forge/target/debug/deps/libhex-3dca52aca8dcd8c9.rlib --extern html_escape=/Users/hp/Desktop/2026/anki-forge/target/debug/deps/libhtml_escape-e3c085ed350ccb58.rlib --extern image=/Users/hp/Desktop/2026/anki-forge/target/debug/deps/libimage-4a807564eb732bd1.rlib --extern imagesize=/Users/hp/Desktop/2026/anki-forge/target/debug/deps/libimagesize-93a183a70ec0270d.rlib --extern jsonschema=/Users/hp/Desktop/2026/anki-forge/target/debug/deps/libjsonschema-a39f8968116b4bbd.rlib --extern mime=/Users/hp/Desktop/2026/anki-forge/target/debug/deps/libmime-4d10f548eb0f4473.rlib --extern proptest=/Users/hp/Desktop/2026/anki-forge/target/debug/deps/libproptest-d399eacdec501536.rlib --extern prost=/Users/hp/Desktop/2026/anki-forge/target/debug/deps/libprost-3d0f5bdb20156157.rlib --extern rand=/Users/hp/Desktop/2026/anki-forge/target/debug/deps/librand-e1c1a274086e5ae7.rlib --extern rusqlite=/Users/hp/Desktop/2026/anki-forge/target/debug/deps/librusqlite-32f84f393a7c3129.rlib --extern rustix=/Users/hp/Desktop/2026/anki-forge/target/debug/deps/librustix-a916b6450ee806df.rlib --extern same_file=/Users/hp/Desktop/2026/anki-forge/target/debug/deps/libsame_file-3850703a028eaa69.rlib --extern serde=/Users/hp/Desktop/2026/anki-forge/target/debug/deps/libserde-9ec1e78b4b5d0ee7.rlib --extern serde_json=/Users/hp/Desktop/2026/anki-forge/target/debug/deps/libserde_json-dd90be139089220c.rlib --extern serde_yaml=/Users/hp/Desktop/2026/anki-forge/target/debug/deps/libserde_yaml-1cea46448a61c91a.rlib --extern sha1=/Users/hp/Desktop/2026/anki-forge/target/debug/deps/libsha1-b3307e50b0a4dd21.rlib --extern tar=/Users/hp/Desktop/2026/anki-forge/target/debug/deps/libtar-e8452efe9c10b6ce.rlib --extern tempfile=/Users/hp/Desktop/2026/anki-forge/target/debug/deps/libtempfile-38023131a295c674.rlib --extern unicase=/Users/hp/Desktop/2026/anki-forge/target/debug/deps/libunicase-36082f46f7a1b408.rlib --extern unicode_normalization=/Users/hp/Desktop/2026/anki-forge/target/debug/deps/libunicode_normalization-5c250c5de084f684.rlib --extern url=/Users/hp/Desktop/2026/anki-forge/target/debug/deps/liburl-8812bf27633e933a.rlib --extern zip=/Users/hp/Desktop/2026/anki-forge/target/debug/deps/libzip-e3a2aeb1cdb2fffe.rlib --extern zstd=/Users/hp/Desktop/2026/anki-forge/target/debug/deps/libzstd-2d4f4f96c801ed7a.rlib -L native=/Users/hp/Desktop/2026/anki-forge/target/debug/build/blake3-c06daab911a0c52a/out -L native=/Users/hp/Desktop/2026/anki-forge/target/debug/build/libsqlite3-sys-4db63674929bf6f6/out -L native=/Users/hp/Desktop/2026/anki-forge/target/debug/build/zstd-sys-07172dd2be32eeae/out`
     Running `/Users/hp/.rustup/toolchains/1.92.0-aarch64-apple-darwin/bin/rustc --crate-name contract_tools --edition=2021 contract_tools/src/main.rs --error-format=json --json=diagnostic-rendered-ansi,artifacts,future-incompat --emit=dep-info,link -C embed-bitcode=no -C debuginfo=2 -C split-debuginfo=unpacked --forbid=unsafe_code --test --check-cfg 'cfg(docsrs,test)' --check-cfg 'cfg(feature, values())' -C metadata=b8d0bdb454caf8f2 -C extra-filename=-db3fca008b2c157b --out-dir /Users/hp/Desktop/2026/anki-forge/target/debug/deps -C incremental=/Users/hp/Desktop/2026/anki-forge/target/debug/incremental -L dependency=/Users/hp/Desktop/2026/anki-forge/target/debug/deps --extern ankiforge=/Users/hp/Desktop/2026/anki-forge/target/debug/deps/libankiforge-6a4058180a8d8736.rlib --extern anyhow=/Users/hp/Desktop/2026/anki-forge/target/debug/deps/libanyhow-403bb8d72015634b.rlib --extern blake3=/Users/hp/Desktop/2026/anki-forge/target/debug/deps/libblake3-24958e25ae0d2411.rlib --extern clap=/Users/hp/Desktop/2026/anki-forge/target/debug/deps/libclap-81c07679b9c4e00d.rlib --extern contract_tools=/Users/hp/Desktop/2026/anki-forge/target/debug/deps/libcontract_tools-a9b29afae1496449.rlib --extern flate2=/Users/hp/Desktop/2026/anki-forge/target/debug/deps/libflate2-2802d3062f98c51c.rlib --extern html_escape=/Users/hp/Desktop/2026/anki-forge/target/debug/deps/libhtml_escape-e3c085ed350ccb58.rlib --extern jsonschema=/Users/hp/Desktop/2026/anki-forge/target/debug/deps/libjsonschema-a39f8968116b4bbd.rlib --extern proc_macro2=/Users/hp/Desktop/2026/anki-forge/target/debug/deps/libproc_macro2-5923306382b6e875.rlib --extern prost=/Users/hp/Desktop/2026/anki-forge/target/debug/deps/libprost-3d0f5bdb20156157.rlib --extern rusqlite=/Users/hp/Desktop/2026/anki-forge/target/debug/deps/librusqlite-32f84f393a7c3129.rlib --extern same_file=/Users/hp/Desktop/2026/anki-forge/target/debug/deps/libsame_file-3850703a028eaa69.rlib --extern semver=/Users/hp/Desktop/2026/anki-forge/target/debug/deps/libsemver-31f9d330b41e8a46.rlib --extern serde=/Users/hp/Desktop/2026/anki-forge/target/debug/deps/libserde-9ec1e78b4b5d0ee7.rlib --extern serde_json=/Users/hp/Desktop/2026/anki-forge/target/debug/deps/libserde_json-dd90be139089220c.rlib --extern serde_yaml=/Users/hp/Desktop/2026/anki-forge/target/debug/deps/libserde_yaml-1cea46448a61c91a.rlib --extern sha1=/Users/hp/Desktop/2026/anki-forge/target/debug/deps/libsha1-b3307e50b0a4dd21.rlib --extern syn=/Users/hp/Desktop/2026/anki-forge/target/debug/deps/libsyn-ed0dddf67a1f9f25.rlib --extern tar=/Users/hp/Desktop/2026/anki-forge/target/debug/deps/libtar-e8452efe9c10b6ce.rlib --extern tempfile=/Users/hp/Desktop/2026/anki-forge/target/debug/deps/libtempfile-38023131a295c674.rlib --extern url=/Users/hp/Desktop/2026/anki-forge/target/debug/deps/liburl-8812bf27633e933a.rlib --extern zip=/Users/hp/Desktop/2026/anki-forge/target/debug/deps/libzip-e3a2aeb1cdb2fffe.rlib --extern zstd=/Users/hp/Desktop/2026/anki-forge/target/debug/deps/libzstd-2d4f4f96c801ed7a.rlib -L native=/Users/hp/Desktop/2026/anki-forge/target/debug/build/blake3-c06daab911a0c52a/out -L native=/Users/hp/Desktop/2026/anki-forge/target/debug/build/libsqlite3-sys-4db63674929bf6f6/out -L native=/Users/hp/Desktop/2026/anki-forge/target/debug/build/zstd-sys-07172dd2be32eeae/out`
     Running `/Users/hp/.rustup/toolchains/1.92.0-aarch64-apple-darwin/bin/rustc --crate-name media_snapshot_lifecycle_tests --edition=2021 anki_forge/tests/media_snapshot_lifecycle_tests.rs --error-format=json --json=diagnostic-rendered-ansi,artifacts,future-incompat --emit=dep-info,link -C embed-bitcode=no -C debuginfo=2 -C split-debuginfo=unpacked --forbid=unsafe_code --test --cfg 'feature="default"' --cfg 'feature="internal-tools"' --check-cfg 'cfg(docsrs,test)' --check-cfg 'cfg(feature, values("default", "internal-tools"))' -C metadata=2a76294a1e70ac16 -C extra-filename=-d063c77b0b0dee4c --out-dir /Users/hp/Desktop/2026/anki-forge/target/debug/deps -C incremental=/Users/hp/Desktop/2026/anki-forge/target/debug/incremental -L dependency=/Users/hp/Desktop/2026/anki-forge/target/debug/deps --extern ankiforge=/Users/hp/Desktop/2026/anki-forge/target/debug/deps/libankiforge-6a4058180a8d8736.rlib --extern anyhow=/Users/hp/Desktop/2026/anki-forge/target/debug/deps/libanyhow-403bb8d72015634b.rlib --extern base64=/Users/hp/Desktop/2026/anki-forge/target/debug/deps/libbase64-80c574e62179e036.rlib --extern blake3=/Users/hp/Desktop/2026/anki-forge/target/debug/deps/libblake3-24958e25ae0d2411.rlib --extern crc32fast=/Users/hp/Desktop/2026/anki-forge/target/debug/deps/libcrc32fast-58c8b7e40d38fc4b.rlib --extern flate2=/Users/hp/Desktop/2026/anki-forge/target/debug/deps/libflate2-2802d3062f98c51c.rlib --extern hex=/Users/hp/Desktop/2026/anki-forge/target/debug/deps/libhex-3dca52aca8dcd8c9.rlib --extern html_escape=/Users/hp/Desktop/2026/anki-forge/target/debug/deps/libhtml_escape-e3c085ed350ccb58.rlib --extern image=/Users/hp/Desktop/2026/anki-forge/target/debug/deps/libimage-4a807564eb732bd1.rlib --extern imagesize=/Users/hp/Desktop/2026/anki-forge/target/debug/deps/libimagesize-93a183a70ec0270d.rlib --extern jsonschema=/Users/hp/Desktop/2026/anki-forge/target/debug/deps/libjsonschema-a39f8968116b4bbd.rlib --extern mime=/Users/hp/Desktop/2026/anki-forge/target/debug/deps/libmime-4d10f548eb0f4473.rlib --extern proptest=/Users/hp/Desktop/2026/anki-forge/target/debug/deps/libproptest-d399eacdec501536.rlib --extern prost=/Users/hp/Desktop/2026/anki-forge/target/debug/deps/libprost-3d0f5bdb20156157.rlib --extern rand=/Users/hp/Desktop/2026/anki-forge/target/debug/deps/librand-e1c1a274086e5ae7.rlib --extern rusqlite=/Users/hp/Desktop/2026/anki-forge/target/debug/deps/librusqlite-32f84f393a7c3129.rlib --extern rustix=/Users/hp/Desktop/2026/anki-forge/target/debug/deps/librustix-a916b6450ee806df.rlib --extern same_file=/Users/hp/Desktop/2026/anki-forge/target/debug/deps/libsame_file-3850703a028eaa69.rlib --extern serde=/Users/hp/Desktop/2026/anki-forge/target/debug/deps/libserde-9ec1e78b4b5d0ee7.rlib --extern serde_json=/Users/hp/Desktop/2026/anki-forge/target/debug/deps/libserde_json-dd90be139089220c.rlib --extern serde_yaml=/Users/hp/Desktop/2026/anki-forge/target/debug/deps/libserde_yaml-1cea46448a61c91a.rlib --extern sha1=/Users/hp/Desktop/2026/anki-forge/target/debug/deps/libsha1-b3307e50b0a4dd21.rlib --extern tar=/Users/hp/Desktop/2026/anki-forge/target/debug/deps/libtar-e8452efe9c10b6ce.rlib --extern tempfile=/Users/hp/Desktop/2026/anki-forge/target/debug/deps/libtempfile-38023131a295c674.rlib --extern unicase=/Users/hp/Desktop/2026/anki-forge/target/debug/deps/libunicase-36082f46f7a1b408.rlib --extern unicode_normalization=/Users/hp/Desktop/2026/anki-forge/target/debug/deps/libunicode_normalization-5c250c5de084f684.rlib --extern url=/Users/hp/Desktop/2026/anki-forge/target/debug/deps/liburl-8812bf27633e933a.rlib --extern zip=/Users/hp/Desktop/2026/anki-forge/target/debug/deps/libzip-e3a2aeb1cdb2fffe.rlib --extern zstd=/Users/hp/Desktop/2026/anki-forge/target/debug/deps/libzstd-2d4f4f96c801ed7a.rlib -L native=/Users/hp/Desktop/2026/anki-forge/target/debug/build/blake3-c06daab911a0c52a/out -L native=/Users/hp/Desktop/2026/anki-forge/target/debug/build/libsqlite3-sys-4db63674929bf6f6/out -L native=/Users/hp/Desktop/2026/anki-forge/target/debug/build/zstd-sys-07172dd2be32eeae/out`
     Running `/Users/hp/.rustup/toolchains/1.92.0-aarch64-apple-darwin/bin/rustc --crate-name release_governance_tests --edition=2021 contract_tools/tests/release_governance_tests.rs --error-format=json --json=diagnostic-rendered-ansi,artifacts,future-incompat --emit=dep-info,link -C embed-bitcode=no -C debuginfo=2 -C split-debuginfo=unpacked --forbid=unsafe_code --test --check-cfg 'cfg(docsrs,test)' --check-cfg 'cfg(feature, values())' -C metadata=029345d0256650f1 -C extra-filename=-70615c9faadc8831 --out-dir /Users/hp/Desktop/2026/anki-forge/target/debug/deps -C incremental=/Users/hp/Desktop/2026/anki-forge/target/debug/incremental -L dependency=/Users/hp/Desktop/2026/anki-forge/target/debug/deps --extern ankiforge=/Users/hp/Desktop/2026/anki-forge/target/debug/deps/libankiforge-6a4058180a8d8736.rlib --extern anyhow=/Users/hp/Desktop/2026/anki-forge/target/debug/deps/libanyhow-403bb8d72015634b.rlib --extern blake3=/Users/hp/Desktop/2026/anki-forge/target/debug/deps/libblake3-24958e25ae0d2411.rlib --extern clap=/Users/hp/Desktop/2026/anki-forge/target/debug/deps/libclap-81c07679b9c4e00d.rlib --extern contract_tools=/Users/hp/Desktop/2026/anki-forge/target/debug/deps/libcontract_tools-a9b29afae1496449.rlib --extern flate2=/Users/hp/Desktop/2026/anki-forge/target/debug/deps/libflate2-2802d3062f98c51c.rlib --extern html_escape=/Users/hp/Desktop/2026/anki-forge/target/debug/deps/libhtml_escape-e3c085ed350ccb58.rlib --extern jsonschema=/Users/hp/Desktop/2026/anki-forge/target/debug/deps/libjsonschema-a39f8968116b4bbd.rlib --extern proc_macro2=/Users/hp/Desktop/2026/anki-forge/target/debug/deps/libproc_macro2-5923306382b6e875.rlib --extern prost=/Users/hp/Desktop/2026/anki-forge/target/debug/deps/libprost-3d0f5bdb20156157.rlib --extern rusqlite=/Users/hp/Desktop/2026/anki-forge/target/debug/deps/librusqlite-32f84f393a7c3129.rlib --extern same_file=/Users/hp/Desktop/2026/anki-forge/target/debug/deps/libsame_file-3850703a028eaa69.rlib --extern semver=/Users/hp/Desktop/2026/anki-forge/target/debug/deps/libsemver-31f9d330b41e8a46.rlib --extern serde=/Users/hp/Desktop/2026/anki-forge/target/debug/deps/libserde-9ec1e78b4b5d0ee7.rlib --extern serde_json=/Users/hp/Desktop/2026/anki-forge/target/debug/deps/libserde_json-dd90be139089220c.rlib --extern serde_yaml=/Users/hp/Desktop/2026/anki-forge/target/debug/deps/libserde_yaml-1cea46448a61c91a.rlib --extern sha1=/Users/hp/Desktop/2026/anki-forge/target/debug/deps/libsha1-b3307e50b0a4dd21.rlib --extern syn=/Users/hp/Desktop/2026/anki-forge/target/debug/deps/libsyn-ed0dddf67a1f9f25.rlib --extern tar=/Users/hp/Desktop/2026/anki-forge/target/debug/deps/libtar-e8452efe9c10b6ce.rlib --extern tempfile=/Users/hp/Desktop/2026/anki-forge/target/debug/deps/libtempfile-38023131a295c674.rlib --extern url=/Users/hp/Desktop/2026/anki-forge/target/debug/deps/liburl-8812bf27633e933a.rlib --extern zip=/Users/hp/Desktop/2026/anki-forge/target/debug/deps/libzip-e3a2aeb1cdb2fffe.rlib --extern zstd=/Users/hp/Desktop/2026/anki-forge/target/debug/deps/libzstd-2d4f4f96c801ed7a.rlib -L native=/Users/hp/Desktop/2026/anki-forge/target/debug/build/blake3-c06daab911a0c52a/out -L native=/Users/hp/Desktop/2026/anki-forge/target/debug/build/libsqlite3-sys-4db63674929bf6f6/out -L native=/Users/hp/Desktop/2026/anki-forge/target/debug/build/zstd-sys-07172dd2be32eeae/out`
     Running `/Users/hp/.rustup/toolchains/1.92.0-aarch64-apple-darwin/bin/rustc --crate-name docs_workflow --edition=2021 anki_forge/examples/docs_workflow.rs --error-format=json --json=diagnostic-rendered-ansi,artifacts,future-incompat --crate-type bin --emit=dep-info,link -C embed-bitcode=no -C debuginfo=2 -C split-debuginfo=unpacked --forbid=unsafe_code --cfg 'feature="default"' --cfg 'feature="internal-tools"' --check-cfg 'cfg(docsrs,test)' --check-cfg 'cfg(feature, values("default", "internal-tools"))' -C metadata=58b9e1ba7d85f083 -C extra-filename=-217579a50f6474b5 --out-dir /Users/hp/Desktop/2026/anki-forge/target/debug/examples -C incremental=/Users/hp/Desktop/2026/anki-forge/target/debug/incremental -L dependency=/Users/hp/Desktop/2026/anki-forge/target/debug/deps --extern ankiforge=/Users/hp/Desktop/2026/anki-forge/target/debug/deps/libankiforge-6a4058180a8d8736.rlib --extern anyhow=/Users/hp/Desktop/2026/anki-forge/target/debug/deps/libanyhow-403bb8d72015634b.rlib --extern base64=/Users/hp/Desktop/2026/anki-forge/target/debug/deps/libbase64-80c574e62179e036.rlib --extern blake3=/Users/hp/Desktop/2026/anki-forge/target/debug/deps/libblake3-24958e25ae0d2411.rlib --extern crc32fast=/Users/hp/Desktop/2026/anki-forge/target/debug/deps/libcrc32fast-58c8b7e40d38fc4b.rlib --extern flate2=/Users/hp/Desktop/2026/anki-forge/target/debug/deps/libflate2-2802d3062f98c51c.rlib --extern hex=/Users/hp/Desktop/2026/anki-forge/target/debug/deps/libhex-3dca52aca8dcd8c9.rlib --extern html_escape=/Users/hp/Desktop/2026/anki-forge/target/debug/deps/libhtml_escape-e3c085ed350ccb58.rlib --extern image=/Users/hp/Desktop/2026/anki-forge/target/debug/deps/libimage-4a807564eb732bd1.rlib --extern imagesize=/Users/hp/Desktop/2026/anki-forge/target/debug/deps/libimagesize-93a183a70ec0270d.rlib --extern jsonschema=/Users/hp/Desktop/2026/anki-forge/target/debug/deps/libjsonschema-a39f8968116b4bbd.rlib --extern mime=/Users/hp/Desktop/2026/anki-forge/target/debug/deps/libmime-4d10f548eb0f4473.rlib --extern proptest=/Users/hp/Desktop/2026/anki-forge/target/debug/deps/libproptest-d399eacdec501536.rlib --extern prost=/Users/hp/Desktop/2026/anki-forge/target/debug/deps/libprost-3d0f5bdb20156157.rlib --extern rand=/Users/hp/Desktop/2026/anki-forge/target/debug/deps/librand-e1c1a274086e5ae7.rlib --extern rusqlite=/Users/hp/Desktop/2026/anki-forge/target/debug/deps/librusqlite-32f84f393a7c3129.rlib --extern rustix=/Users/hp/Desktop/2026/anki-forge/target/debug/deps/librustix-a916b6450ee806df.rlib --extern same_file=/Users/hp/Desktop/2026/anki-forge/target/debug/deps/libsame_file-3850703a028eaa69.rlib --extern serde=/Users/hp/Desktop/2026/anki-forge/target/debug/deps/libserde-9ec1e78b4b5d0ee7.rlib --extern serde_json=/Users/hp/Desktop/2026/anki-forge/target/debug/deps/libserde_json-dd90be139089220c.rlib --extern serde_yaml=/Users/hp/Desktop/2026/anki-forge/target/debug/deps/libserde_yaml-1cea46448a61c91a.rlib --extern sha1=/Users/hp/Desktop/2026/anki-forge/target/debug/deps/libsha1-b3307e50b0a4dd21.rlib --extern tar=/Users/hp/Desktop/2026/anki-forge/target/debug/deps/libtar-e8452efe9c10b6ce.rlib --extern tempfile=/Users/hp/Desktop/2026/anki-forge/target/debug/deps/libtempfile-38023131a295c674.rlib --extern unicase=/Users/hp/Desktop/2026/anki-forge/target/debug/deps/libunicase-36082f46f7a1b408.rlib --extern unicode_normalization=/Users/hp/Desktop/2026/anki-forge/target/debug/deps/libunicode_normalization-5c250c5de084f684.rlib --extern url=/Users/hp/Desktop/2026/anki-forge/target/debug/deps/liburl-8812bf27633e933a.rlib --extern zip=/Users/hp/Desktop/2026/anki-forge/target/debug/deps/libzip-e3a2aeb1cdb2fffe.rlib --extern zstd=/Users/hp/Desktop/2026/anki-forge/target/debug/deps/libzstd-2d4f4f96c801ed7a.rlib -L native=/Users/hp/Desktop/2026/anki-forge/target/debug/build/blake3-c06daab911a0c52a/out -L native=/Users/hp/Desktop/2026/anki-forge/target/debug/build/libsqlite3-sys-4db63674929bf6f6/out -L native=/Users/hp/Desktop/2026/anki-forge/target/debug/build/zstd-sys-07172dd2be32eeae/out`
     Running `/Users/hp/.rustup/toolchains/1.92.0-aarch64-apple-darwin/bin/rustc --crate-name contract_tools --edition=2021 contract_tools/src/lib.rs --error-format=json --json=diagnostic-rendered-ansi,artifacts,future-incompat --emit=dep-info,link -C embed-bitcode=no -C debuginfo=2 -C split-debuginfo=unpacked --forbid=unsafe_code --test --check-cfg 'cfg(docsrs,test)' --check-cfg 'cfg(feature, values())' -C metadata=fda75000fd00e56b -C extra-filename=-d28e58161b9797fa --out-dir /Users/hp/Desktop/2026/anki-forge/target/debug/deps -C incremental=/Users/hp/Desktop/2026/anki-forge/target/debug/incremental -L dependency=/Users/hp/Desktop/2026/anki-forge/target/debug/deps --extern ankiforge=/Users/hp/Desktop/2026/anki-forge/target/debug/deps/libankiforge-6a4058180a8d8736.rlib --extern anyhow=/Users/hp/Desktop/2026/anki-forge/target/debug/deps/libanyhow-403bb8d72015634b.rlib --extern blake3=/Users/hp/Desktop/2026/anki-forge/target/debug/deps/libblake3-24958e25ae0d2411.rlib --extern clap=/Users/hp/Desktop/2026/anki-forge/target/debug/deps/libclap-81c07679b9c4e00d.rlib --extern flate2=/Users/hp/Desktop/2026/anki-forge/target/debug/deps/libflate2-2802d3062f98c51c.rlib --extern html_escape=/Users/hp/Desktop/2026/anki-forge/target/debug/deps/libhtml_escape-e3c085ed350ccb58.rlib --extern jsonschema=/Users/hp/Desktop/2026/anki-forge/target/debug/deps/libjsonschema-a39f8968116b4bbd.rlib --extern proc_macro2=/Users/hp/Desktop/2026/anki-forge/target/debug/deps/libproc_macro2-5923306382b6e875.rlib --extern prost=/Users/hp/Desktop/2026/anki-forge/target/debug/deps/libprost-3d0f5bdb20156157.rlib --extern rusqlite=/Users/hp/Desktop/2026/anki-forge/target/debug/deps/librusqlite-32f84f393a7c3129.rlib --extern same_file=/Users/hp/Desktop/2026/anki-forge/target/debug/deps/libsame_file-3850703a028eaa69.rlib --extern semver=/Users/hp/Desktop/2026/anki-forge/target/debug/deps/libsemver-31f9d330b41e8a46.rlib --extern serde=/Users/hp/Desktop/2026/anki-forge/target/debug/deps/libserde-9ec1e78b4b5d0ee7.rlib --extern serde_json=/Users/hp/Desktop/2026/anki-forge/target/debug/deps/libserde_json-dd90be139089220c.rlib --extern serde_yaml=/Users/hp/Desktop/2026/anki-forge/target/debug/deps/libserde_yaml-1cea46448a61c91a.rlib --extern sha1=/Users/hp/Desktop/2026/anki-forge/target/debug/deps/libsha1-b3307e50b0a4dd21.rlib --extern syn=/Users/hp/Desktop/2026/anki-forge/target/debug/deps/libsyn-ed0dddf67a1f9f25.rlib --extern tar=/Users/hp/Desktop/2026/anki-forge/target/debug/deps/libtar-e8452efe9c10b6ce.rlib --extern tempfile=/Users/hp/Desktop/2026/anki-forge/target/debug/deps/libtempfile-38023131a295c674.rlib --extern url=/Users/hp/Desktop/2026/anki-forge/target/debug/deps/liburl-8812bf27633e933a.rlib --extern zip=/Users/hp/Desktop/2026/anki-forge/target/debug/deps/libzip-e3a2aeb1cdb2fffe.rlib --extern zstd=/Users/hp/Desktop/2026/anki-forge/target/debug/deps/libzstd-2d4f4f96c801ed7a.rlib -L native=/Users/hp/Desktop/2026/anki-forge/target/debug/build/blake3-c06daab911a0c52a/out -L native=/Users/hp/Desktop/2026/anki-forge/target/debug/build/libsqlite3-sys-4db63674929bf6f6/out -L native=/Users/hp/Desktop/2026/anki-forge/target/debug/build/zstd-sys-07172dd2be32eeae/out`
     Running `/Users/hp/.rustup/toolchains/1.92.0-aarch64-apple-darwin/bin/rustc --crate-name rust_user_api_smoke_tests --edition=2021 anki_forge/tests/rust_user_api_smoke_tests.rs --error-format=json --json=diagnostic-rendered-ansi,artifacts,future-incompat --emit=dep-info,link -C embed-bitcode=no -C debuginfo=2 -C split-debuginfo=unpacked --forbid=unsafe_code --test --cfg 'feature="default"' --cfg 'feature="internal-tools"' --check-cfg 'cfg(docsrs,test)' --check-cfg 'cfg(feature, values("default", "internal-tools"))' -C metadata=deca2093bae6803d -C extra-filename=-618d4e73888f99c5 --out-dir /Users/hp/Desktop/2026/anki-forge/target/debug/deps -C incremental=/Users/hp/Desktop/2026/anki-forge/target/debug/incremental -L dependency=/Users/hp/Desktop/2026/anki-forge/target/debug/deps --extern ankiforge=/Users/hp/Desktop/2026/anki-forge/target/debug/deps/libankiforge-6a4058180a8d8736.rlib --extern anyhow=/Users/hp/Desktop/2026/anki-forge/target/debug/deps/libanyhow-403bb8d72015634b.rlib --extern base64=/Users/hp/Desktop/2026/anki-forge/target/debug/deps/libbase64-80c574e62179e036.rlib --extern blake3=/Users/hp/Desktop/2026/anki-forge/target/debug/deps/libblake3-24958e25ae0d2411.rlib --extern crc32fast=/Users/hp/Desktop/2026/anki-forge/target/debug/deps/libcrc32fast-58c8b7e40d38fc4b.rlib --extern flate2=/Users/hp/Desktop/2026/anki-forge/target/debug/deps/libflate2-2802d3062f98c51c.rlib --extern hex=/Users/hp/Desktop/2026/anki-forge/target/debug/deps/libhex-3dca52aca8dcd8c9.rlib --extern html_escape=/Users/hp/Desktop/2026/anki-forge/target/debug/deps/libhtml_escape-e3c085ed350ccb58.rlib --extern image=/Users/hp/Desktop/2026/anki-forge/target/debug/deps/libimage-4a807564eb732bd1.rlib --extern imagesize=/Users/hp/Desktop/2026/anki-forge/target/debug/deps/libimagesize-93a183a70ec0270d.rlib --extern jsonschema=/Users/hp/Desktop/2026/anki-forge/target/debug/deps/libjsonschema-a39f8968116b4bbd.rlib --extern mime=/Users/hp/Desktop/2026/anki-forge/target/debug/deps/libmime-4d10f548eb0f4473.rlib --extern proptest=/Users/hp/Desktop/2026/anki-forge/target/debug/deps/libproptest-d399eacdec501536.rlib --extern prost=/Users/hp/Desktop/2026/anki-forge/target/debug/deps/libprost-3d0f5bdb20156157.rlib --extern rand=/Users/hp/Desktop/2026/anki-forge/target/debug/deps/librand-e1c1a274086e5ae7.rlib --extern rusqlite=/Users/hp/Desktop/2026/anki-forge/target/debug/deps/librusqlite-32f84f393a7c3129.rlib --extern rustix=/Users/hp/Desktop/2026/anki-forge/target/debug/deps/librustix-a916b6450ee806df.rlib --extern same_file=/Users/hp/Desktop/2026/anki-forge/target/debug/deps/libsame_file-3850703a028eaa69.rlib --extern serde=/Users/hp/Desktop/2026/anki-forge/target/debug/deps/libserde-9ec1e78b4b5d0ee7.rlib --extern serde_json=/Users/hp/Desktop/2026/anki-forge/target/debug/deps/libserde_json-dd90be139089220c.rlib --extern serde_yaml=/Users/hp/Desktop/2026/anki-forge/target/debug/deps/libserde_yaml-1cea46448a61c91a.rlib --extern sha1=/Users/hp/Desktop/2026/anki-forge/target/debug/deps/libsha1-b3307e50b0a4dd21.rlib --extern tar=/Users/hp/Desktop/2026/anki-forge/target/debug/deps/libtar-e8452efe9c10b6ce.rlib --extern tempfile=/Users/hp/Desktop/2026/anki-forge/target/debug/deps/libtempfile-38023131a295c674.rlib --extern unicase=/Users/hp/Desktop/2026/anki-forge/target/debug/deps/libunicase-36082f46f7a1b408.rlib --extern unicode_normalization=/Users/hp/Desktop/2026/anki-forge/target/debug/deps/libunicode_normalization-5c250c5de084f684.rlib --extern url=/Users/hp/Desktop/2026/anki-forge/target/debug/deps/liburl-8812bf27633e933a.rlib --extern zip=/Users/hp/Desktop/2026/anki-forge/target/debug/deps/libzip-e3a2aeb1cdb2fffe.rlib --extern zstd=/Users/hp/Desktop/2026/anki-forge/target/debug/deps/libzstd-2d4f4f96c801ed7a.rlib -L native=/Users/hp/Desktop/2026/anki-forge/target/debug/build/blake3-c06daab911a0c52a/out -L native=/Users/hp/Desktop/2026/anki-forge/target/debug/build/libsqlite3-sys-4db63674929bf6f6/out -L native=/Users/hp/Desktop/2026/anki-forge/target/debug/build/zstd-sys-07172dd2be32eeae/out`
     Running `/Users/hp/.rustup/toolchains/1.92.0-aarch64-apple-darwin/bin/rustc --crate-name project_tag_schema_tests --edition=2021 contract_tools/tests/project_tag_schema_tests.rs --error-format=json --json=diagnostic-rendered-ansi,artifacts,future-incompat --emit=dep-info,link -C embed-bitcode=no -C debuginfo=2 -C split-debuginfo=unpacked --forbid=unsafe_code --test --check-cfg 'cfg(docsrs,test)' --check-cfg 'cfg(feature, values())' -C metadata=40529e1d1978eb40 -C extra-filename=-39343d50d93ce4ee --out-dir /Users/hp/Desktop/2026/anki-forge/target/debug/deps -C incremental=/Users/hp/Desktop/2026/anki-forge/target/debug/incremental -L dependency=/Users/hp/Desktop/2026/anki-forge/target/debug/deps --extern ankiforge=/Users/hp/Desktop/2026/anki-forge/target/debug/deps/libankiforge-6a4058180a8d8736.rlib --extern anyhow=/Users/hp/Desktop/2026/anki-forge/target/debug/deps/libanyhow-403bb8d72015634b.rlib --extern blake3=/Users/hp/Desktop/2026/anki-forge/target/debug/deps/libblake3-24958e25ae0d2411.rlib --extern clap=/Users/hp/Desktop/2026/anki-forge/target/debug/deps/libclap-81c07679b9c4e00d.rlib --extern contract_tools=/Users/hp/Desktop/2026/anki-forge/target/debug/deps/libcontract_tools-a9b29afae1496449.rlib --extern flate2=/Users/hp/Desktop/2026/anki-forge/target/debug/deps/libflate2-2802d3062f98c51c.rlib --extern html_escape=/Users/hp/Desktop/2026/anki-forge/target/debug/deps/libhtml_escape-e3c085ed350ccb58.rlib --extern jsonschema=/Users/hp/Desktop/2026/anki-forge/target/debug/deps/libjsonschema-a39f8968116b4bbd.rlib --extern proc_macro2=/Users/hp/Desktop/2026/anki-forge/target/debug/deps/libproc_macro2-5923306382b6e875.rlib --extern prost=/Users/hp/Desktop/2026/anki-forge/target/debug/deps/libprost-3d0f5bdb20156157.rlib --extern rusqlite=/Users/hp/Desktop/2026/anki-forge/target/debug/deps/librusqlite-32f84f393a7c3129.rlib --extern same_file=/Users/hp/Desktop/2026/anki-forge/target/debug/deps/libsame_file-3850703a028eaa69.rlib --extern semver=/Users/hp/Desktop/2026/anki-forge/target/debug/deps/libsemver-31f9d330b41e8a46.rlib --extern serde=/Users/hp/Desktop/2026/anki-forge/target/debug/deps/libserde-9ec1e78b4b5d0ee7.rlib --extern serde_json=/Users/hp/Desktop/2026/anki-forge/target/debug/deps/libserde_json-dd90be139089220c.rlib --extern serde_yaml=/Users/hp/Desktop/2026/anki-forge/target/debug/deps/libserde_yaml-1cea46448a61c91a.rlib --extern sha1=/Users/hp/Desktop/2026/anki-forge/target/debug/deps/libsha1-b3307e50b0a4dd21.rlib --extern syn=/Users/hp/Desktop/2026/anki-forge/target/debug/deps/libsyn-ed0dddf67a1f9f25.rlib --extern tar=/Users/hp/Desktop/2026/anki-forge/target/debug/deps/libtar-e8452efe9c10b6ce.rlib --extern tempfile=/Users/hp/Desktop/2026/anki-forge/target/debug/deps/libtempfile-38023131a295c674.rlib --extern url=/Users/hp/Desktop/2026/anki-forge/target/debug/deps/liburl-8812bf27633e933a.rlib --extern zip=/Users/hp/Desktop/2026/anki-forge/target/debug/deps/libzip-e3a2aeb1cdb2fffe.rlib --extern zstd=/Users/hp/Desktop/2026/anki-forge/target/debug/deps/libzstd-2d4f4f96c801ed7a.rlib -L native=/Users/hp/Desktop/2026/anki-forge/target/debug/build/blake3-c06daab911a0c52a/out -L native=/Users/hp/Desktop/2026/anki-forge/target/debug/build/libsqlite3-sys-4db63674929bf6f6/out -L native=/Users/hp/Desktop/2026/anki-forge/target/debug/build/zstd-sys-07172dd2be32eeae/out`
     Running `/Users/hp/.rustup/toolchains/1.92.0-aarch64-apple-darwin/bin/rustc --crate-name target_api_media --edition=2021 anki_forge/examples/target_api_media.rs --error-format=json --json=diagnostic-rendered-ansi,artifacts,future-incompat --crate-type bin --emit=dep-info,link -C embed-bitcode=no -C debuginfo=2 -C split-debuginfo=unpacked --forbid=unsafe_code --cfg 'feature="default"' --cfg 'feature="internal-tools"' --check-cfg 'cfg(docsrs,test)' --check-cfg 'cfg(feature, values("default", "internal-tools"))' -C metadata=11995b574fb815b2 -C extra-filename=-a2ced6865c219634 --out-dir /Users/hp/Desktop/2026/anki-forge/target/debug/examples -C incremental=/Users/hp/Desktop/2026/anki-forge/target/debug/incremental -L dependency=/Users/hp/Desktop/2026/anki-forge/target/debug/deps --extern ankiforge=/Users/hp/Desktop/2026/anki-forge/target/debug/deps/libankiforge-6a4058180a8d8736.rlib --extern anyhow=/Users/hp/Desktop/2026/anki-forge/target/debug/deps/libanyhow-403bb8d72015634b.rlib --extern base64=/Users/hp/Desktop/2026/anki-forge/target/debug/deps/libbase64-80c574e62179e036.rlib --extern blake3=/Users/hp/Desktop/2026/anki-forge/target/debug/deps/libblake3-24958e25ae0d2411.rlib --extern crc32fast=/Users/hp/Desktop/2026/anki-forge/target/debug/deps/libcrc32fast-58c8b7e40d38fc4b.rlib --extern flate2=/Users/hp/Desktop/2026/anki-forge/target/debug/deps/libflate2-2802d3062f98c51c.rlib --extern hex=/Users/hp/Desktop/2026/anki-forge/target/debug/deps/libhex-3dca52aca8dcd8c9.rlib --extern html_escape=/Users/hp/Desktop/2026/anki-forge/target/debug/deps/libhtml_escape-e3c085ed350ccb58.rlib --extern image=/Users/hp/Desktop/2026/anki-forge/target/debug/deps/libimage-4a807564eb732bd1.rlib --extern imagesize=/Users/hp/Desktop/2026/anki-forge/target/debug/deps/libimagesize-93a183a70ec0270d.rlib --extern jsonschema=/Users/hp/Desktop/2026/anki-forge/target/debug/deps/libjsonschema-a39f8968116b4bbd.rlib --extern mime=/Users/hp/Desktop/2026/anki-forge/target/debug/deps/libmime-4d10f548eb0f4473.rlib --extern proptest=/Users/hp/Desktop/2026/anki-forge/target/debug/deps/libproptest-d399eacdec501536.rlib --extern prost=/Users/hp/Desktop/2026/anki-forge/target/debug/deps/libprost-3d0f5bdb20156157.rlib --extern rand=/Users/hp/Desktop/2026/anki-forge/target/debug/deps/librand-e1c1a274086e5ae7.rlib --extern rusqlite=/Users/hp/Desktop/2026/anki-forge/target/debug/deps/librusqlite-32f84f393a7c3129.rlib --extern rustix=/Users/hp/Desktop/2026/anki-forge/target/debug/deps/librustix-a916b6450ee806df.rlib --extern same_file=/Users/hp/Desktop/2026/anki-forge/target/debug/deps/libsame_file-3850703a028eaa69.rlib --extern serde=/Users/hp/Desktop/2026/anki-forge/target/debug/deps/libserde-9ec1e78b4b5d0ee7.rlib --extern serde_json=/Users/hp/Desktop/2026/anki-forge/target/debug/deps/libserde_json-dd90be139089220c.rlib --extern serde_yaml=/Users/hp/Desktop/2026/anki-forge/target/debug/deps/libserde_yaml-1cea46448a61c91a.rlib --extern sha1=/Users/hp/Desktop/2026/anki-forge/target/debug/deps/libsha1-b3307e50b0a4dd21.rlib --extern tar=/Users/hp/Desktop/2026/anki-forge/target/debug/deps/libtar-e8452efe9c10b6ce.rlib --extern tempfile=/Users/hp/Desktop/2026/anki-forge/target/debug/deps/libtempfile-38023131a295c674.rlib --extern unicase=/Users/hp/Desktop/2026/anki-forge/target/debug/deps/libunicase-36082f46f7a1b408.rlib --extern unicode_normalization=/Users/hp/Desktop/2026/anki-forge/target/debug/deps/libunicode_normalization-5c250c5de084f684.rlib --extern url=/Users/hp/Desktop/2026/anki-forge/target/debug/deps/liburl-8812bf27633e933a.rlib --extern zip=/Users/hp/Desktop/2026/anki-forge/target/debug/deps/libzip-e3a2aeb1cdb2fffe.rlib --extern zstd=/Users/hp/Desktop/2026/anki-forge/target/debug/deps/libzstd-2d4f4f96c801ed7a.rlib -L native=/Users/hp/Desktop/2026/anki-forge/target/debug/build/blake3-c06daab911a0c52a/out -L native=/Users/hp/Desktop/2026/anki-forge/target/debug/build/libsqlite3-sys-4db63674929bf6f6/out -L native=/Users/hp/Desktop/2026/anki-forge/target/debug/build/zstd-sys-07172dd2be32eeae/out`
     Running `/Users/hp/.rustup/toolchains/1.92.0-aarch64-apple-darwin/bin/rustc --crate-name readme_showcase --edition=2021 anki_forge/examples/readme_showcase.rs --error-format=json --json=diagnostic-rendered-ansi,artifacts,future-incompat --crate-type bin --emit=dep-info,link -C embed-bitcode=no -C debuginfo=2 -C split-debuginfo=unpacked --forbid=unsafe_code --cfg 'feature="default"' --cfg 'feature="internal-tools"' --check-cfg 'cfg(docsrs,test)' --check-cfg 'cfg(feature, values("default", "internal-tools"))' -C metadata=40168c8f7066f947 -C extra-filename=-343c8e52e8c421ad --out-dir /Users/hp/Desktop/2026/anki-forge/target/debug/examples -C incremental=/Users/hp/Desktop/2026/anki-forge/target/debug/incremental -L dependency=/Users/hp/Desktop/2026/anki-forge/target/debug/deps --extern ankiforge=/Users/hp/Desktop/2026/anki-forge/target/debug/deps/libankiforge-6a4058180a8d8736.rlib --extern anyhow=/Users/hp/Desktop/2026/anki-forge/target/debug/deps/libanyhow-403bb8d72015634b.rlib --extern base64=/Users/hp/Desktop/2026/anki-forge/target/debug/deps/libbase64-80c574e62179e036.rlib --extern blake3=/Users/hp/Desktop/2026/anki-forge/target/debug/deps/libblake3-24958e25ae0d2411.rlib --extern crc32fast=/Users/hp/Desktop/2026/anki-forge/target/debug/deps/libcrc32fast-58c8b7e40d38fc4b.rlib --extern flate2=/Users/hp/Desktop/2026/anki-forge/target/debug/deps/libflate2-2802d3062f98c51c.rlib --extern hex=/Users/hp/Desktop/2026/anki-forge/target/debug/deps/libhex-3dca52aca8dcd8c9.rlib --extern html_escape=/Users/hp/Desktop/2026/anki-forge/target/debug/deps/libhtml_escape-e3c085ed350ccb58.rlib --extern image=/Users/hp/Desktop/2026/anki-forge/target/debug/deps/libimage-4a807564eb732bd1.rlib --extern imagesize=/Users/hp/Desktop/2026/anki-forge/target/debug/deps/libimagesize-93a183a70ec0270d.rlib --extern jsonschema=/Users/hp/Desktop/2026/anki-forge/target/debug/deps/libjsonschema-a39f8968116b4bbd.rlib --extern mime=/Users/hp/Desktop/2026/anki-forge/target/debug/deps/libmime-4d10f548eb0f4473.rlib --extern proptest=/Users/hp/Desktop/2026/anki-forge/target/debug/deps/libproptest-d399eacdec501536.rlib --extern prost=/Users/hp/Desktop/2026/anki-forge/target/debug/deps/libprost-3d0f5bdb20156157.rlib --extern rand=/Users/hp/Desktop/2026/anki-forge/target/debug/deps/librand-e1c1a274086e5ae7.rlib --extern rusqlite=/Users/hp/Desktop/2026/anki-forge/target/debug/deps/librusqlite-32f84f393a7c3129.rlib --extern rustix=/Users/hp/Desktop/2026/anki-forge/target/debug/deps/librustix-a916b6450ee806df.rlib --extern same_file=/Users/hp/Desktop/2026/anki-forge/target/debug/deps/libsame_file-3850703a028eaa69.rlib --extern serde=/Users/hp/Desktop/2026/anki-forge/target/debug/deps/libserde-9ec1e78b4b5d0ee7.rlib --extern serde_json=/Users/hp/Desktop/2026/anki-forge/target/debug/deps/libserde_json-dd90be139089220c.rlib --extern serde_yaml=/Users/hp/Desktop/2026/anki-forge/target/debug/deps/libserde_yaml-1cea46448a61c91a.rlib --extern sha1=/Users/hp/Desktop/2026/anki-forge/target/debug/deps/libsha1-b3307e50b0a4dd21.rlib --extern tar=/Users/hp/Desktop/2026/anki-forge/target/debug/deps/libtar-e8452efe9c10b6ce.rlib --extern tempfile=/Users/hp/Desktop/2026/anki-forge/target/debug/deps/libtempfile-38023131a295c674.rlib --extern unicase=/Users/hp/Desktop/2026/anki-forge/target/debug/deps/libunicase-36082f46f7a1b408.rlib --extern unicode_normalization=/Users/hp/Desktop/2026/anki-forge/target/debug/deps/libunicode_normalization-5c250c5de084f684.rlib --extern url=/Users/hp/Desktop/2026/anki-forge/target/debug/deps/liburl-8812bf27633e933a.rlib --extern zip=/Users/hp/Desktop/2026/anki-forge/target/debug/deps/libzip-e3a2aeb1cdb2fffe.rlib --extern zstd=/Users/hp/Desktop/2026/anki-forge/target/debug/deps/libzstd-2d4f4f96c801ed7a.rlib -L native=/Users/hp/Desktop/2026/anki-forge/target/debug/build/blake3-c06daab911a0c52a/out -L native=/Users/hp/Desktop/2026/anki-forge/target/debug/build/libsqlite3-sys-4db63674929bf6f6/out -L native=/Users/hp/Desktop/2026/anki-forge/target/debug/build/zstd-sys-07172dd2be32eeae/out`
     Running `/Users/hp/.rustup/toolchains/1.92.0-aarch64-apple-darwin/bin/rustc --crate-name public_surface_contract_tests --edition=2021 anki_forge/tests/public_surface_contract_tests.rs --error-format=json --json=diagnostic-rendered-ansi,artifacts,future-incompat --emit=dep-info,link -C embed-bitcode=no -C debuginfo=2 -C split-debuginfo=unpacked --forbid=unsafe_code --test --cfg 'feature="default"' --cfg 'feature="internal-tools"' --check-cfg 'cfg(docsrs,test)' --check-cfg 'cfg(feature, values("default", "internal-tools"))' -C metadata=04dd55ec5350ff3c -C extra-filename=-a19e7ee76d277a4b --out-dir /Users/hp/Desktop/2026/anki-forge/target/debug/deps -C incremental=/Users/hp/Desktop/2026/anki-forge/target/debug/incremental -L dependency=/Users/hp/Desktop/2026/anki-forge/target/debug/deps --extern ankiforge=/Users/hp/Desktop/2026/anki-forge/target/debug/deps/libankiforge-6a4058180a8d8736.rlib --extern anyhow=/Users/hp/Desktop/2026/anki-forge/target/debug/deps/libanyhow-403bb8d72015634b.rlib --extern base64=/Users/hp/Desktop/2026/anki-forge/target/debug/deps/libbase64-80c574e62179e036.rlib --extern blake3=/Users/hp/Desktop/2026/anki-forge/target/debug/deps/libblake3-24958e25ae0d2411.rlib --extern crc32fast=/Users/hp/Desktop/2026/anki-forge/target/debug/deps/libcrc32fast-58c8b7e40d38fc4b.rlib --extern flate2=/Users/hp/Desktop/2026/anki-forge/target/debug/deps/libflate2-2802d3062f98c51c.rlib --extern hex=/Users/hp/Desktop/2026/anki-forge/target/debug/deps/libhex-3dca52aca8dcd8c9.rlib --extern html_escape=/Users/hp/Desktop/2026/anki-forge/target/debug/deps/libhtml_escape-e3c085ed350ccb58.rlib --extern image=/Users/hp/Desktop/2026/anki-forge/target/debug/deps/libimage-4a807564eb732bd1.rlib --extern imagesize=/Users/hp/Desktop/2026/anki-forge/target/debug/deps/libimagesize-93a183a70ec0270d.rlib --extern jsonschema=/Users/hp/Desktop/2026/anki-forge/target/debug/deps/libjsonschema-a39f8968116b4bbd.rlib --extern mime=/Users/hp/Desktop/2026/anki-forge/target/debug/deps/libmime-4d10f548eb0f4473.rlib --extern proptest=/Users/hp/Desktop/2026/anki-forge/target/debug/deps/libproptest-d399eacdec501536.rlib --extern prost=/Users/hp/Desktop/2026/anki-forge/target/debug/deps/libprost-3d0f5bdb20156157.rlib --extern rand=/Users/hp/Desktop/2026/anki-forge/target/debug/deps/librand-e1c1a274086e5ae7.rlib --extern rusqlite=/Users/hp/Desktop/2026/anki-forge/target/debug/deps/librusqlite-32f84f393a7c3129.rlib --extern rustix=/Users/hp/Desktop/2026/anki-forge/target/debug/deps/librustix-a916b6450ee806df.rlib --extern same_file=/Users/hp/Desktop/2026/anki-forge/target/debug/deps/libsame_file-3850703a028eaa69.rlib --extern serde=/Users/hp/Desktop/2026/anki-forge/target/debug/deps/libserde-9ec1e78b4b5d0ee7.rlib --extern serde_json=/Users/hp/Desktop/2026/anki-forge/target/debug/deps/libserde_json-dd90be139089220c.rlib --extern serde_yaml=/Users/hp/Desktop/2026/anki-forge/target/debug/deps/libserde_yaml-1cea46448a61c91a.rlib --extern sha1=/Users/hp/Desktop/2026/anki-forge/target/debug/deps/libsha1-b3307e50b0a4dd21.rlib --extern tar=/Users/hp/Desktop/2026/anki-forge/target/debug/deps/libtar-e8452efe9c10b6ce.rlib --extern tempfile=/Users/hp/Desktop/2026/anki-forge/target/debug/deps/libtempfile-38023131a295c674.rlib --extern unicase=/Users/hp/Desktop/2026/anki-forge/target/debug/deps/libunicase-36082f46f7a1b408.rlib --extern unicode_normalization=/Users/hp/Desktop/2026/anki-forge/target/debug/deps/libunicode_normalization-5c250c5de084f684.rlib --extern url=/Users/hp/Desktop/2026/anki-forge/target/debug/deps/liburl-8812bf27633e933a.rlib --extern zip=/Users/hp/Desktop/2026/anki-forge/target/debug/deps/libzip-e3a2aeb1cdb2fffe.rlib --extern zstd=/Users/hp/Desktop/2026/anki-forge/target/debug/deps/libzstd-2d4f4f96c801ed7a.rlib -L native=/Users/hp/Desktop/2026/anki-forge/target/debug/build/blake3-c06daab911a0c52a/out -L native=/Users/hp/Desktop/2026/anki-forge/target/debug/build/libsqlite3-sys-4db63674929bf6f6/out -L native=/Users/hp/Desktop/2026/anki-forge/target/debug/build/zstd-sys-07172dd2be32eeae/out`
     Running `/Users/hp/.rustup/toolchains/1.92.0-aarch64-apple-darwin/bin/rustc --crate-name template_bundle_scalar_schema_tests --edition=2021 contract_tools/tests/template_bundle_scalar_schema_tests.rs --error-format=json --json=diagnostic-rendered-ansi,artifacts,future-incompat --emit=dep-info,link -C embed-bitcode=no -C debuginfo=2 -C split-debuginfo=unpacked --forbid=unsafe_code --test --check-cfg 'cfg(docsrs,test)' --check-cfg 'cfg(feature, values())' -C metadata=e1815fcfdf712926 -C extra-filename=-59a63f3edb79ade8 --out-dir /Users/hp/Desktop/2026/anki-forge/target/debug/deps -C incremental=/Users/hp/Desktop/2026/anki-forge/target/debug/incremental -L dependency=/Users/hp/Desktop/2026/anki-forge/target/debug/deps --extern ankiforge=/Users/hp/Desktop/2026/anki-forge/target/debug/deps/libankiforge-6a4058180a8d8736.rlib --extern anyhow=/Users/hp/Desktop/2026/anki-forge/target/debug/deps/libanyhow-403bb8d72015634b.rlib --extern blake3=/Users/hp/Desktop/2026/anki-forge/target/debug/deps/libblake3-24958e25ae0d2411.rlib --extern clap=/Users/hp/Desktop/2026/anki-forge/target/debug/deps/libclap-81c07679b9c4e00d.rlib --extern contract_tools=/Users/hp/Desktop/2026/anki-forge/target/debug/deps/libcontract_tools-a9b29afae1496449.rlib --extern flate2=/Users/hp/Desktop/2026/anki-forge/target/debug/deps/libflate2-2802d3062f98c51c.rlib --extern html_escape=/Users/hp/Desktop/2026/anki-forge/target/debug/deps/libhtml_escape-e3c085ed350ccb58.rlib --extern jsonschema=/Users/hp/Desktop/2026/anki-forge/target/debug/deps/libjsonschema-a39f8968116b4bbd.rlib --extern proc_macro2=/Users/hp/Desktop/2026/anki-forge/target/debug/deps/libproc_macro2-5923306382b6e875.rlib --extern prost=/Users/hp/Desktop/2026/anki-forge/target/debug/deps/libprost-3d0f5bdb20156157.rlib --extern rusqlite=/Users/hp/Desktop/2026/anki-forge/target/debug/deps/librusqlite-32f84f393a7c3129.rlib --extern same_file=/Users/hp/Desktop/2026/anki-forge/target/debug/deps/libsame_file-3850703a028eaa69.rlib --extern semver=/Users/hp/Desktop/2026/anki-forge/target/debug/deps/libsemver-31f9d330b41e8a46.rlib --extern serde=/Users/hp/Desktop/2026/anki-forge/target/debug/deps/libserde-9ec1e78b4b5d0ee7.rlib --extern serde_json=/Users/hp/Desktop/2026/anki-forge/target/debug/deps/libserde_json-dd90be139089220c.rlib --extern serde_yaml=/Users/hp/Desktop/2026/anki-forge/target/debug/deps/libserde_yaml-1cea46448a61c91a.rlib --extern sha1=/Users/hp/Desktop/2026/anki-forge/target/debug/deps/libsha1-b3307e50b0a4dd21.rlib --extern syn=/Users/hp/Desktop/2026/anki-forge/target/debug/deps/libsyn-ed0dddf67a1f9f25.rlib --extern tar=/Users/hp/Desktop/2026/anki-forge/target/debug/deps/libtar-e8452efe9c10b6ce.rlib --extern tempfile=/Users/hp/Desktop/2026/anki-forge/target/debug/deps/libtempfile-38023131a295c674.rlib --extern url=/Users/hp/Desktop/2026/anki-forge/target/debug/deps/liburl-8812bf27633e933a.rlib --extern zip=/Users/hp/Desktop/2026/anki-forge/target/debug/deps/libzip-e3a2aeb1cdb2fffe.rlib --extern zstd=/Users/hp/Desktop/2026/anki-forge/target/debug/deps/libzstd-2d4f4f96c801ed7a.rlib -L native=/Users/hp/Desktop/2026/anki-forge/target/debug/build/blake3-c06daab911a0c52a/out -L native=/Users/hp/Desktop/2026/anki-forge/target/debug/build/libsqlite3-sys-4db63674929bf6f6/out -L native=/Users/hp/Desktop/2026/anki-forge/target/debug/build/zstd-sys-07172dd2be32eeae/out`
     Running `/Users/hp/.rustup/toolchains/1.92.0-aarch64-apple-darwin/bin/rustc --crate-name versioning_gate_tests --edition=2021 contract_tools/tests/versioning_gate_tests.rs --error-format=json --json=diagnostic-rendered-ansi,artifacts,future-incompat --emit=dep-info,link -C embed-bitcode=no -C debuginfo=2 -C split-debuginfo=unpacked --forbid=unsafe_code --test --check-cfg 'cfg(docsrs,test)' --check-cfg 'cfg(feature, values())' -C metadata=9473ee0190262c45 -C extra-filename=-1e05dc5325f4d596 --out-dir /Users/hp/Desktop/2026/anki-forge/target/debug/deps -C incremental=/Users/hp/Desktop/2026/anki-forge/target/debug/incremental -L dependency=/Users/hp/Desktop/2026/anki-forge/target/debug/deps --extern ankiforge=/Users/hp/Desktop/2026/anki-forge/target/debug/deps/libankiforge-6a4058180a8d8736.rlib --extern anyhow=/Users/hp/Desktop/2026/anki-forge/target/debug/deps/libanyhow-403bb8d72015634b.rlib --extern blake3=/Users/hp/Desktop/2026/anki-forge/target/debug/deps/libblake3-24958e25ae0d2411.rlib --extern clap=/Users/hp/Desktop/2026/anki-forge/target/debug/deps/libclap-81c07679b9c4e00d.rlib --extern contract_tools=/Users/hp/Desktop/2026/anki-forge/target/debug/deps/libcontract_tools-a9b29afae1496449.rlib --extern flate2=/Users/hp/Desktop/2026/anki-forge/target/debug/deps/libflate2-2802d3062f98c51c.rlib --extern html_escape=/Users/hp/Desktop/2026/anki-forge/target/debug/deps/libhtml_escape-e3c085ed350ccb58.rlib --extern jsonschema=/Users/hp/Desktop/2026/anki-forge/target/debug/deps/libjsonschema-a39f8968116b4bbd.rlib --extern proc_macro2=/Users/hp/Desktop/2026/anki-forge/target/debug/deps/libproc_macro2-5923306382b6e875.rlib --extern prost=/Users/hp/Desktop/2026/anki-forge/target/debug/deps/libprost-3d0f5bdb20156157.rlib --extern rusqlite=/Users/hp/Desktop/2026/anki-forge/target/debug/deps/librusqlite-32f84f393a7c3129.rlib --extern same_file=/Users/hp/Desktop/2026/anki-forge/target/debug/deps/libsame_file-3850703a028eaa69.rlib --extern semver=/Users/hp/Desktop/2026/anki-forge/target/debug/deps/libsemver-31f9d330b41e8a46.rlib --extern serde=/Users/hp/Desktop/2026/anki-forge/target/debug/deps/libserde-9ec1e78b4b5d0ee7.rlib --extern serde_json=/Users/hp/Desktop/2026/anki-forge/target/debug/deps/libserde_json-dd90be139089220c.rlib --extern serde_yaml=/Users/hp/Desktop/2026/anki-forge/target/debug/deps/libserde_yaml-1cea46448a61c91a.rlib --extern sha1=/Users/hp/Desktop/2026/anki-forge/target/debug/deps/libsha1-b3307e50b0a4dd21.rlib --extern syn=/Users/hp/Desktop/2026/anki-forge/target/debug/deps/libsyn-ed0dddf67a1f9f25.rlib --extern tar=/Users/hp/Desktop/2026/anki-forge/target/debug/deps/libtar-e8452efe9c10b6ce.rlib --extern tempfile=/Users/hp/Desktop/2026/anki-forge/target/debug/deps/libtempfile-38023131a295c674.rlib --extern url=/Users/hp/Desktop/2026/anki-forge/target/debug/deps/liburl-8812bf27633e933a.rlib --extern zip=/Users/hp/Desktop/2026/anki-forge/target/debug/deps/libzip-e3a2aeb1cdb2fffe.rlib --extern zstd=/Users/hp/Desktop/2026/anki-forge/target/debug/deps/libzstd-2d4f4f96c801ed7a.rlib -L native=/Users/hp/Desktop/2026/anki-forge/target/debug/build/blake3-c06daab911a0c52a/out -L native=/Users/hp/Desktop/2026/anki-forge/target/debug/build/libsqlite3-sys-4db63674929bf6f6/out -L native=/Users/hp/Desktop/2026/anki-forge/target/debug/build/zstd-sys-07172dd2be32eeae/out`
     Running `/Users/hp/.rustup/toolchains/1.92.0-aarch64-apple-darwin/bin/rustc --crate-name project_value_tests --edition=2021 anki_forge/tests/project_value_tests.rs --error-format=json --json=diagnostic-rendered-ansi,artifacts,future-incompat --emit=dep-info,link -C embed-bitcode=no -C debuginfo=2 -C split-debuginfo=unpacked --forbid=unsafe_code --test --cfg 'feature="default"' --cfg 'feature="internal-tools"' --check-cfg 'cfg(docsrs,test)' --check-cfg 'cfg(feature, values("default", "internal-tools"))' -C metadata=30437058da8094b6 -C extra-filename=-7d0deb098018c430 --out-dir /Users/hp/Desktop/2026/anki-forge/target/debug/deps -C incremental=/Users/hp/Desktop/2026/anki-forge/target/debug/incremental -L dependency=/Users/hp/Desktop/2026/anki-forge/target/debug/deps --extern ankiforge=/Users/hp/Desktop/2026/anki-forge/target/debug/deps/libankiforge-6a4058180a8d8736.rlib --extern anyhow=/Users/hp/Desktop/2026/anki-forge/target/debug/deps/libanyhow-403bb8d72015634b.rlib --extern base64=/Users/hp/Desktop/2026/anki-forge/target/debug/deps/libbase64-80c574e62179e036.rlib --extern blake3=/Users/hp/Desktop/2026/anki-forge/target/debug/deps/libblake3-24958e25ae0d2411.rlib --extern crc32fast=/Users/hp/Desktop/2026/anki-forge/target/debug/deps/libcrc32fast-58c8b7e40d38fc4b.rlib --extern flate2=/Users/hp/Desktop/2026/anki-forge/target/debug/deps/libflate2-2802d3062f98c51c.rlib --extern hex=/Users/hp/Desktop/2026/anki-forge/target/debug/deps/libhex-3dca52aca8dcd8c9.rlib --extern html_escape=/Users/hp/Desktop/2026/anki-forge/target/debug/deps/libhtml_escape-e3c085ed350ccb58.rlib --extern image=/Users/hp/Desktop/2026/anki-forge/target/debug/deps/libimage-4a807564eb732bd1.rlib --extern imagesize=/Users/hp/Desktop/2026/anki-forge/target/debug/deps/libimagesize-93a183a70ec0270d.rlib --extern jsonschema=/Users/hp/Desktop/2026/anki-forge/target/debug/deps/libjsonschema-a39f8968116b4bbd.rlib --extern mime=/Users/hp/Desktop/2026/anki-forge/target/debug/deps/libmime-4d10f548eb0f4473.rlib --extern proptest=/Users/hp/Desktop/2026/anki-forge/target/debug/deps/libproptest-d399eacdec501536.rlib --extern prost=/Users/hp/Desktop/2026/anki-forge/target/debug/deps/libprost-3d0f5bdb20156157.rlib --extern rand=/Users/hp/Desktop/2026/anki-forge/target/debug/deps/librand-e1c1a274086e5ae7.rlib --extern rusqlite=/Users/hp/Desktop/2026/anki-forge/target/debug/deps/librusqlite-32f84f393a7c3129.rlib --extern rustix=/Users/hp/Desktop/2026/anki-forge/target/debug/deps/librustix-a916b6450ee806df.rlib --extern same_file=/Users/hp/Desktop/2026/anki-forge/target/debug/deps/libsame_file-3850703a028eaa69.rlib --extern serde=/Users/hp/Desktop/2026/anki-forge/target/debug/deps/libserde-9ec1e78b4b5d0ee7.rlib --extern serde_json=/Users/hp/Desktop/2026/anki-forge/target/debug/deps/libserde_json-dd90be139089220c.rlib --extern serde_yaml=/Users/hp/Desktop/2026/anki-forge/target/debug/deps/libserde_yaml-1cea46448a61c91a.rlib --extern sha1=/Users/hp/Desktop/2026/anki-forge/target/debug/deps/libsha1-b3307e50b0a4dd21.rlib --extern tar=/Users/hp/Desktop/2026/anki-forge/target/debug/deps/libtar-e8452efe9c10b6ce.rlib --extern tempfile=/Users/hp/Desktop/2026/anki-forge/target/debug/deps/libtempfile-38023131a295c674.rlib --extern unicase=/Users/hp/Desktop/2026/anki-forge/target/debug/deps/libunicase-36082f46f7a1b408.rlib --extern unicode_normalization=/Users/hp/Desktop/2026/anki-forge/target/debug/deps/libunicode_normalization-5c250c5de084f684.rlib --extern url=/Users/hp/Desktop/2026/anki-forge/target/debug/deps/liburl-8812bf27633e933a.rlib --extern zip=/Users/hp/Desktop/2026/anki-forge/target/debug/deps/libzip-e3a2aeb1cdb2fffe.rlib --extern zstd=/Users/hp/Desktop/2026/anki-forge/target/debug/deps/libzstd-2d4f4f96c801ed7a.rlib -L native=/Users/hp/Desktop/2026/anki-forge/target/debug/build/blake3-c06daab911a0c52a/out -L native=/Users/hp/Desktop/2026/anki-forge/target/debug/build/libsqlite3-sys-4db63674929bf6f6/out -L native=/Users/hp/Desktop/2026/anki-forge/target/debug/build/zstd-sys-07172dd2be32eeae/out`
     Running `/Users/hp/.rustup/toolchains/1.92.0-aarch64-apple-darwin/bin/rustc --crate-name target_api_custom_notetype --edition=2021 anki_forge/examples/target_api_custom_notetype.rs --error-format=json --json=diagnostic-rendered-ansi,artifacts,future-incompat --crate-type bin --emit=dep-info,link -C embed-bitcode=no -C debuginfo=2 -C split-debuginfo=unpacked --forbid=unsafe_code --cfg 'feature="default"' --cfg 'feature="internal-tools"' --check-cfg 'cfg(docsrs,test)' --check-cfg 'cfg(feature, values("default", "internal-tools"))' -C metadata=7e95fe74c78c7f0c -C extra-filename=-02db8aeb034526c8 --out-dir /Users/hp/Desktop/2026/anki-forge/target/debug/examples -C incremental=/Users/hp/Desktop/2026/anki-forge/target/debug/incremental -L dependency=/Users/hp/Desktop/2026/anki-forge/target/debug/deps --extern ankiforge=/Users/hp/Desktop/2026/anki-forge/target/debug/deps/libankiforge-6a4058180a8d8736.rlib --extern anyhow=/Users/hp/Desktop/2026/anki-forge/target/debug/deps/libanyhow-403bb8d72015634b.rlib --extern base64=/Users/hp/Desktop/2026/anki-forge/target/debug/deps/libbase64-80c574e62179e036.rlib --extern blake3=/Users/hp/Desktop/2026/anki-forge/target/debug/deps/libblake3-24958e25ae0d2411.rlib --extern crc32fast=/Users/hp/Desktop/2026/anki-forge/target/debug/deps/libcrc32fast-58c8b7e40d38fc4b.rlib --extern flate2=/Users/hp/Desktop/2026/anki-forge/target/debug/deps/libflate2-2802d3062f98c51c.rlib --extern hex=/Users/hp/Desktop/2026/anki-forge/target/debug/deps/libhex-3dca52aca8dcd8c9.rlib --extern html_escape=/Users/hp/Desktop/2026/anki-forge/target/debug/deps/libhtml_escape-e3c085ed350ccb58.rlib --extern image=/Users/hp/Desktop/2026/anki-forge/target/debug/deps/libimage-4a807564eb732bd1.rlib --extern imagesize=/Users/hp/Desktop/2026/anki-forge/target/debug/deps/libimagesize-93a183a70ec0270d.rlib --extern jsonschema=/Users/hp/Desktop/2026/anki-forge/target/debug/deps/libjsonschema-a39f8968116b4bbd.rlib --extern mime=/Users/hp/Desktop/2026/anki-forge/target/debug/deps/libmime-4d10f548eb0f4473.rlib --extern proptest=/Users/hp/Desktop/2026/anki-forge/target/debug/deps/libproptest-d399eacdec501536.rlib --extern prost=/Users/hp/Desktop/2026/anki-forge/target/debug/deps/libprost-3d0f5bdb20156157.rlib --extern rand=/Users/hp/Desktop/2026/anki-forge/target/debug/deps/librand-e1c1a274086e5ae7.rlib --extern rusqlite=/Users/hp/Desktop/2026/anki-forge/target/debug/deps/librusqlite-32f84f393a7c3129.rlib --extern rustix=/Users/hp/Desktop/2026/anki-forge/target/debug/deps/librustix-a916b6450ee806df.rlib --extern same_file=/Users/hp/Desktop/2026/anki-forge/target/debug/deps/libsame_file-3850703a028eaa69.rlib --extern serde=/Users/hp/Desktop/2026/anki-forge/target/debug/deps/libserde-9ec1e78b4b5d0ee7.rlib --extern serde_json=/Users/hp/Desktop/2026/anki-forge/target/debug/deps/libserde_json-dd90be139089220c.rlib --extern serde_yaml=/Users/hp/Desktop/2026/anki-forge/target/debug/deps/libserde_yaml-1cea46448a61c91a.rlib --extern sha1=/Users/hp/Desktop/2026/anki-forge/target/debug/deps/libsha1-b3307e50b0a4dd21.rlib --extern tar=/Users/hp/Desktop/2026/anki-forge/target/debug/deps/libtar-e8452efe9c10b6ce.rlib --extern tempfile=/Users/hp/Desktop/2026/anki-forge/target/debug/deps/libtempfile-38023131a295c674.rlib --extern unicase=/Users/hp/Desktop/2026/anki-forge/target/debug/deps/libunicase-36082f46f7a1b408.rlib --extern unicode_normalization=/Users/hp/Desktop/2026/anki-forge/target/debug/deps/libunicode_normalization-5c250c5de084f684.rlib --extern url=/Users/hp/Desktop/2026/anki-forge/target/debug/deps/liburl-8812bf27633e933a.rlib --extern zip=/Users/hp/Desktop/2026/anki-forge/target/debug/deps/libzip-e3a2aeb1cdb2fffe.rlib --extern zstd=/Users/hp/Desktop/2026/anki-forge/target/debug/deps/libzstd-2d4f4f96c801ed7a.rlib -L native=/Users/hp/Desktop/2026/anki-forge/target/debug/build/blake3-c06daab911a0c52a/out -L native=/Users/hp/Desktop/2026/anki-forge/target/debug/build/libsqlite3-sys-4db63674929bf6f6/out -L native=/Users/hp/Desktop/2026/anki-forge/target/debug/build/zstd-sys-07172dd2be32eeae/out`
     Running `/Users/hp/.rustup/toolchains/1.92.0-aarch64-apple-darwin/bin/rustc --crate-name packaged_contract_tests --edition=2021 anki_forge/tests/packaged_contract_tests.rs --error-format=json --json=diagnostic-rendered-ansi,artifacts,future-incompat --emit=dep-info,link -C embed-bitcode=no -C debuginfo=2 -C split-debuginfo=unpacked --forbid=unsafe_code --test --cfg 'feature="default"' --cfg 'feature="internal-tools"' --check-cfg 'cfg(docsrs,test)' --check-cfg 'cfg(feature, values("default", "internal-tools"))' -C metadata=4a117bd0ec317e54 -C extra-filename=-ec43427d4e0cca71 --out-dir /Users/hp/Desktop/2026/anki-forge/target/debug/deps -C incremental=/Users/hp/Desktop/2026/anki-forge/target/debug/incremental -L dependency=/Users/hp/Desktop/2026/anki-forge/target/debug/deps --extern ankiforge=/Users/hp/Desktop/2026/anki-forge/target/debug/deps/libankiforge-6a4058180a8d8736.rlib --extern anyhow=/Users/hp/Desktop/2026/anki-forge/target/debug/deps/libanyhow-403bb8d72015634b.rlib --extern base64=/Users/hp/Desktop/2026/anki-forge/target/debug/deps/libbase64-80c574e62179e036.rlib --extern blake3=/Users/hp/Desktop/2026/anki-forge/target/debug/deps/libblake3-24958e25ae0d2411.rlib --extern crc32fast=/Users/hp/Desktop/2026/anki-forge/target/debug/deps/libcrc32fast-58c8b7e40d38fc4b.rlib --extern flate2=/Users/hp/Desktop/2026/anki-forge/target/debug/deps/libflate2-2802d3062f98c51c.rlib --extern hex=/Users/hp/Desktop/2026/anki-forge/target/debug/deps/libhex-3dca52aca8dcd8c9.rlib --extern html_escape=/Users/hp/Desktop/2026/anki-forge/target/debug/deps/libhtml_escape-e3c085ed350ccb58.rlib --extern image=/Users/hp/Desktop/2026/anki-forge/target/debug/deps/libimage-4a807564eb732bd1.rlib --extern imagesize=/Users/hp/Desktop/2026/anki-forge/target/debug/deps/libimagesize-93a183a70ec0270d.rlib --extern jsonschema=/Users/hp/Desktop/2026/anki-forge/target/debug/deps/libjsonschema-a39f8968116b4bbd.rlib --extern mime=/Users/hp/Desktop/2026/anki-forge/target/debug/deps/libmime-4d10f548eb0f4473.rlib --extern proptest=/Users/hp/Desktop/2026/anki-forge/target/debug/deps/libproptest-d399eacdec501536.rlib --extern prost=/Users/hp/Desktop/2026/anki-forge/target/debug/deps/libprost-3d0f5bdb20156157.rlib --extern rand=/Users/hp/Desktop/2026/anki-forge/target/debug/deps/librand-e1c1a274086e5ae7.rlib --extern rusqlite=/Users/hp/Desktop/2026/anki-forge/target/debug/deps/librusqlite-32f84f393a7c3129.rlib --extern rustix=/Users/hp/Desktop/2026/anki-forge/target/debug/deps/librustix-a916b6450ee806df.rlib --extern same_file=/Users/hp/Desktop/2026/anki-forge/target/debug/deps/libsame_file-3850703a028eaa69.rlib --extern serde=/Users/hp/Desktop/2026/anki-forge/target/debug/deps/libserde-9ec1e78b4b5d0ee7.rlib --extern serde_json=/Users/hp/Desktop/2026/anki-forge/target/debug/deps/libserde_json-dd90be139089220c.rlib --extern serde_yaml=/Users/hp/Desktop/2026/anki-forge/target/debug/deps/libserde_yaml-1cea46448a61c91a.rlib --extern sha1=/Users/hp/Desktop/2026/anki-forge/target/debug/deps/libsha1-b3307e50b0a4dd21.rlib --extern tar=/Users/hp/Desktop/2026/anki-forge/target/debug/deps/libtar-e8452efe9c10b6ce.rlib --extern tempfile=/Users/hp/Desktop/2026/anki-forge/target/debug/deps/libtempfile-38023131a295c674.rlib --extern unicase=/Users/hp/Desktop/2026/anki-forge/target/debug/deps/libunicase-36082f46f7a1b408.rlib --extern unicode_normalization=/Users/hp/Desktop/2026/anki-forge/target/debug/deps/libunicode_normalization-5c250c5de084f684.rlib --extern url=/Users/hp/Desktop/2026/anki-forge/target/debug/deps/liburl-8812bf27633e933a.rlib --extern zip=/Users/hp/Desktop/2026/anki-forge/target/debug/deps/libzip-e3a2aeb1cdb2fffe.rlib --extern zstd=/Users/hp/Desktop/2026/anki-forge/target/debug/deps/libzstd-2d4f4f96c801ed7a.rlib -L native=/Users/hp/Desktop/2026/anki-forge/target/debug/build/blake3-c06daab911a0c52a/out -L native=/Users/hp/Desktop/2026/anki-forge/target/debug/build/libsqlite3-sys-4db63674929bf6f6/out -L native=/Users/hp/Desktop/2026/anki-forge/target/debug/build/zstd-sys-07172dd2be32eeae/out`
     Running `/Users/hp/.rustup/toolchains/1.92.0-aarch64-apple-darwin/bin/rustc --crate-name product_basic_flow --edition=2021 anki_forge/examples/product_basic_flow.rs --error-format=json --json=diagnostic-rendered-ansi,artifacts,future-incompat --crate-type bin --emit=dep-info,link -C embed-bitcode=no -C debuginfo=2 -C split-debuginfo=unpacked --forbid=unsafe_code --cfg 'feature="default"' --cfg 'feature="internal-tools"' --check-cfg 'cfg(docsrs,test)' --check-cfg 'cfg(feature, values("default", "internal-tools"))' -C metadata=3791a4e9c1837db2 -C extra-filename=-4e2a4207b1ce1285 --out-dir /Users/hp/Desktop/2026/anki-forge/target/debug/examples -C incremental=/Users/hp/Desktop/2026/anki-forge/target/debug/incremental -L dependency=/Users/hp/Desktop/2026/anki-forge/target/debug/deps --extern ankiforge=/Users/hp/Desktop/2026/anki-forge/target/debug/deps/libankiforge-6a4058180a8d8736.rlib --extern anyhow=/Users/hp/Desktop/2026/anki-forge/target/debug/deps/libanyhow-403bb8d72015634b.rlib --extern base64=/Users/hp/Desktop/2026/anki-forge/target/debug/deps/libbase64-80c574e62179e036.rlib --extern blake3=/Users/hp/Desktop/2026/anki-forge/target/debug/deps/libblake3-24958e25ae0d2411.rlib --extern crc32fast=/Users/hp/Desktop/2026/anki-forge/target/debug/deps/libcrc32fast-58c8b7e40d38fc4b.rlib --extern flate2=/Users/hp/Desktop/2026/anki-forge/target/debug/deps/libflate2-2802d3062f98c51c.rlib --extern hex=/Users/hp/Desktop/2026/anki-forge/target/debug/deps/libhex-3dca52aca8dcd8c9.rlib --extern html_escape=/Users/hp/Desktop/2026/anki-forge/target/debug/deps/libhtml_escape-e3c085ed350ccb58.rlib --extern image=/Users/hp/Desktop/2026/anki-forge/target/debug/deps/libimage-4a807564eb732bd1.rlib --extern imagesize=/Users/hp/Desktop/2026/anki-forge/target/debug/deps/libimagesize-93a183a70ec0270d.rlib --extern jsonschema=/Users/hp/Desktop/2026/anki-forge/target/debug/deps/libjsonschema-a39f8968116b4bbd.rlib --extern mime=/Users/hp/Desktop/2026/anki-forge/target/debug/deps/libmime-4d10f548eb0f4473.rlib --extern proptest=/Users/hp/Desktop/2026/anki-forge/target/debug/deps/libproptest-d399eacdec501536.rlib --extern prost=/Users/hp/Desktop/2026/anki-forge/target/debug/deps/libprost-3d0f5bdb20156157.rlib --extern rand=/Users/hp/Desktop/2026/anki-forge/target/debug/deps/librand-e1c1a274086e5ae7.rlib --extern rusqlite=/Users/hp/Desktop/2026/anki-forge/target/debug/deps/librusqlite-32f84f393a7c3129.rlib --extern rustix=/Users/hp/Desktop/2026/anki-forge/target/debug/deps/librustix-a916b6450ee806df.rlib --extern same_file=/Users/hp/Desktop/2026/anki-forge/target/debug/deps/libsame_file-3850703a028eaa69.rlib --extern serde=/Users/hp/Desktop/2026/anki-forge/target/debug/deps/libserde-9ec1e78b4b5d0ee7.rlib --extern serde_json=/Users/hp/Desktop/2026/anki-forge/target/debug/deps/libserde_json-dd90be139089220c.rlib --extern serde_yaml=/Users/hp/Desktop/2026/anki-forge/target/debug/deps/libserde_yaml-1cea46448a61c91a.rlib --extern sha1=/Users/hp/Desktop/2026/anki-forge/target/debug/deps/libsha1-b3307e50b0a4dd21.rlib --extern tar=/Users/hp/Desktop/2026/anki-forge/target/debug/deps/libtar-e8452efe9c10b6ce.rlib --extern tempfile=/Users/hp/Desktop/2026/anki-forge/target/debug/deps/libtempfile-38023131a295c674.rlib --extern unicase=/Users/hp/Desktop/2026/anki-forge/target/debug/deps/libunicase-36082f46f7a1b408.rlib --extern unicode_normalization=/Users/hp/Desktop/2026/anki-forge/target/debug/deps/libunicode_normalization-5c250c5de084f684.rlib --extern url=/Users/hp/Desktop/2026/anki-forge/target/debug/deps/liburl-8812bf27633e933a.rlib --extern zip=/Users/hp/Desktop/2026/anki-forge/target/debug/deps/libzip-e3a2aeb1cdb2fffe.rlib --extern zstd=/Users/hp/Desktop/2026/anki-forge/target/debug/deps/libzstd-2d4f4f96c801ed7a.rlib -L native=/Users/hp/Desktop/2026/anki-forge/target/debug/build/blake3-c06daab911a0c52a/out -L native=/Users/hp/Desktop/2026/anki-forge/target/debug/build/libsqlite3-sys-4db63674929bf6f6/out -L native=/Users/hp/Desktop/2026/anki-forge/target/debug/build/zstd-sys-07172dd2be32eeae/out`
     Running `/Users/hp/.rustup/toolchains/1.92.0-aarch64-apple-darwin/bin/rustc --crate-name public_api_boundary_tests --edition=2021 anki_forge/tests/public_api_boundary_tests.rs --error-format=json --json=diagnostic-rendered-ansi,artifacts,future-incompat --emit=dep-info,link -C embed-bitcode=no -C debuginfo=2 -C split-debuginfo=unpacked --forbid=unsafe_code --test --cfg 'feature="default"' --cfg 'feature="internal-tools"' --check-cfg 'cfg(docsrs,test)' --check-cfg 'cfg(feature, values("default", "internal-tools"))' -C metadata=02d3cca4637011ee -C extra-filename=-bd71829113ba05cc --out-dir /Users/hp/Desktop/2026/anki-forge/target/debug/deps -C incremental=/Users/hp/Desktop/2026/anki-forge/target/debug/incremental -L dependency=/Users/hp/Desktop/2026/anki-forge/target/debug/deps --extern ankiforge=/Users/hp/Desktop/2026/anki-forge/target/debug/deps/libankiforge-6a4058180a8d8736.rlib --extern anyhow=/Users/hp/Desktop/2026/anki-forge/target/debug/deps/libanyhow-403bb8d72015634b.rlib --extern base64=/Users/hp/Desktop/2026/anki-forge/target/debug/deps/libbase64-80c574e62179e036.rlib --extern blake3=/Users/hp/Desktop/2026/anki-forge/target/debug/deps/libblake3-24958e25ae0d2411.rlib --extern crc32fast=/Users/hp/Desktop/2026/anki-forge/target/debug/deps/libcrc32fast-58c8b7e40d38fc4b.rlib --extern flate2=/Users/hp/Desktop/2026/anki-forge/target/debug/deps/libflate2-2802d3062f98c51c.rlib --extern hex=/Users/hp/Desktop/2026/anki-forge/target/debug/deps/libhex-3dca52aca8dcd8c9.rlib --extern html_escape=/Users/hp/Desktop/2026/anki-forge/target/debug/deps/libhtml_escape-e3c085ed350ccb58.rlib --extern image=/Users/hp/Desktop/2026/anki-forge/target/debug/deps/libimage-4a807564eb732bd1.rlib --extern imagesize=/Users/hp/Desktop/2026/anki-forge/target/debug/deps/libimagesize-93a183a70ec0270d.rlib --extern jsonschema=/Users/hp/Desktop/2026/anki-forge/target/debug/deps/libjsonschema-a39f8968116b4bbd.rlib --extern mime=/Users/hp/Desktop/2026/anki-forge/target/debug/deps/libmime-4d10f548eb0f4473.rlib --extern proptest=/Users/hp/Desktop/2026/anki-forge/target/debug/deps/libproptest-d399eacdec501536.rlib --extern prost=/Users/hp/Desktop/2026/anki-forge/target/debug/deps/libprost-3d0f5bdb20156157.rlib --extern rand=/Users/hp/Desktop/2026/anki-forge/target/debug/deps/librand-e1c1a274086e5ae7.rlib --extern rusqlite=/Users/hp/Desktop/2026/anki-forge/target/debug/deps/librusqlite-32f84f393a7c3129.rlib --extern rustix=/Users/hp/Desktop/2026/anki-forge/target/debug/deps/librustix-a916b6450ee806df.rlib --extern same_file=/Users/hp/Desktop/2026/anki-forge/target/debug/deps/libsame_file-3850703a028eaa69.rlib --extern serde=/Users/hp/Desktop/2026/anki-forge/target/debug/deps/libserde-9ec1e78b4b5d0ee7.rlib --extern serde_json=/Users/hp/Desktop/2026/anki-forge/target/debug/deps/libserde_json-dd90be139089220c.rlib --extern serde_yaml=/Users/hp/Desktop/2026/anki-forge/target/debug/deps/libserde_yaml-1cea46448a61c91a.rlib --extern sha1=/Users/hp/Desktop/2026/anki-forge/target/debug/deps/libsha1-b3307e50b0a4dd21.rlib --extern tar=/Users/hp/Desktop/2026/anki-forge/target/debug/deps/libtar-e8452efe9c10b6ce.rlib --extern tempfile=/Users/hp/Desktop/2026/anki-forge/target/debug/deps/libtempfile-38023131a295c674.rlib --extern unicase=/Users/hp/Desktop/2026/anki-forge/target/debug/deps/libunicase-36082f46f7a1b408.rlib --extern unicode_normalization=/Users/hp/Desktop/2026/anki-forge/target/debug/deps/libunicode_normalization-5c250c5de084f684.rlib --extern url=/Users/hp/Desktop/2026/anki-forge/target/debug/deps/liburl-8812bf27633e933a.rlib --extern zip=/Users/hp/Desktop/2026/anki-forge/target/debug/deps/libzip-e3a2aeb1cdb2fffe.rlib --extern zstd=/Users/hp/Desktop/2026/anki-forge/target/debug/deps/libzstd-2d4f4f96c801ed7a.rlib -L native=/Users/hp/Desktop/2026/anki-forge/target/debug/build/blake3-c06daab911a0c52a/out -L native=/Users/hp/Desktop/2026/anki-forge/target/debug/build/libsqlite3-sys-4db63674929bf6f6/out -L native=/Users/hp/Desktop/2026/anki-forge/target/debug/build/zstd-sys-07172dd2be32eeae/out`
     Running `/Users/hp/.rustup/toolchains/1.92.0-aarch64-apple-darwin/bin/rustc --crate-name identity_evidence_schema_tests --edition=2021 contract_tools/tests/identity_evidence_schema_tests.rs --error-format=json --json=diagnostic-rendered-ansi,artifacts,future-incompat --emit=dep-info,link -C embed-bitcode=no -C debuginfo=2 -C split-debuginfo=unpacked --forbid=unsafe_code --test --check-cfg 'cfg(docsrs,test)' --check-cfg 'cfg(feature, values())' -C metadata=8e34ef0867df9c41 -C extra-filename=-bbfc0fe804ef1e70 --out-dir /Users/hp/Desktop/2026/anki-forge/target/debug/deps -C incremental=/Users/hp/Desktop/2026/anki-forge/target/debug/incremental -L dependency=/Users/hp/Desktop/2026/anki-forge/target/debug/deps --extern ankiforge=/Users/hp/Desktop/2026/anki-forge/target/debug/deps/libankiforge-6a4058180a8d8736.rlib --extern anyhow=/Users/hp/Desktop/2026/anki-forge/target/debug/deps/libanyhow-403bb8d72015634b.rlib --extern blake3=/Users/hp/Desktop/2026/anki-forge/target/debug/deps/libblake3-24958e25ae0d2411.rlib --extern clap=/Users/hp/Desktop/2026/anki-forge/target/debug/deps/libclap-81c07679b9c4e00d.rlib --extern contract_tools=/Users/hp/Desktop/2026/anki-forge/target/debug/deps/libcontract_tools-a9b29afae1496449.rlib --extern flate2=/Users/hp/Desktop/2026/anki-forge/target/debug/deps/libflate2-2802d3062f98c51c.rlib --extern html_escape=/Users/hp/Desktop/2026/anki-forge/target/debug/deps/libhtml_escape-e3c085ed350ccb58.rlib --extern jsonschema=/Users/hp/Desktop/2026/anki-forge/target/debug/deps/libjsonschema-a39f8968116b4bbd.rlib --extern proc_macro2=/Users/hp/Desktop/2026/anki-forge/target/debug/deps/libproc_macro2-5923306382b6e875.rlib --extern prost=/Users/hp/Desktop/2026/anki-forge/target/debug/deps/libprost-3d0f5bdb20156157.rlib --extern rusqlite=/Users/hp/Desktop/2026/anki-forge/target/debug/deps/librusqlite-32f84f393a7c3129.rlib --extern same_file=/Users/hp/Desktop/2026/anki-forge/target/debug/deps/libsame_file-3850703a028eaa69.rlib --extern semver=/Users/hp/Desktop/2026/anki-forge/target/debug/deps/libsemver-31f9d330b41e8a46.rlib --extern serde=/Users/hp/Desktop/2026/anki-forge/target/debug/deps/libserde-9ec1e78b4b5d0ee7.rlib --extern serde_json=/Users/hp/Desktop/2026/anki-forge/target/debug/deps/libserde_json-dd90be139089220c.rlib --extern serde_yaml=/Users/hp/Desktop/2026/anki-forge/target/debug/deps/libserde_yaml-1cea46448a61c91a.rlib --extern sha1=/Users/hp/Desktop/2026/anki-forge/target/debug/deps/libsha1-b3307e50b0a4dd21.rlib --extern syn=/Users/hp/Desktop/2026/anki-forge/target/debug/deps/libsyn-ed0dddf67a1f9f25.rlib --extern tar=/Users/hp/Desktop/2026/anki-forge/target/debug/deps/libtar-e8452efe9c10b6ce.rlib --extern tempfile=/Users/hp/Desktop/2026/anki-forge/target/debug/deps/libtempfile-38023131a295c674.rlib --extern url=/Users/hp/Desktop/2026/anki-forge/target/debug/deps/liburl-8812bf27633e933a.rlib --extern zip=/Users/hp/Desktop/2026/anki-forge/target/debug/deps/libzip-e3a2aeb1cdb2fffe.rlib --extern zstd=/Users/hp/Desktop/2026/anki-forge/target/debug/deps/libzstd-2d4f4f96c801ed7a.rlib -L native=/Users/hp/Desktop/2026/anki-forge/target/debug/build/blake3-c06daab911a0c52a/out -L native=/Users/hp/Desktop/2026/anki-forge/target/debug/build/libsqlite3-sys-4db63674929bf6f6/out -L native=/Users/hp/Desktop/2026/anki-forge/target/debug/build/zstd-sys-07172dd2be32eeae/out`
     Running `/Users/hp/.rustup/toolchains/1.92.0-aarch64-apple-darwin/bin/rustc --crate-name artifact_lifecycle_tests --edition=2021 anki_forge/tests/artifact_lifecycle_tests.rs --error-format=json --json=diagnostic-rendered-ansi,artifacts,future-incompat --emit=dep-info,link -C embed-bitcode=no -C debuginfo=2 -C split-debuginfo=unpacked --forbid=unsafe_code --test --cfg 'feature="default"' --cfg 'feature="internal-tools"' --check-cfg 'cfg(docsrs,test)' --check-cfg 'cfg(feature, values("default", "internal-tools"))' -C metadata=550763ef80f9f135 -C extra-filename=-8f90fd9eefe82928 --out-dir /Users/hp/Desktop/2026/anki-forge/target/debug/deps -C incremental=/Users/hp/Desktop/2026/anki-forge/target/debug/incremental -L dependency=/Users/hp/Desktop/2026/anki-forge/target/debug/deps --extern ankiforge=/Users/hp/Desktop/2026/anki-forge/target/debug/deps/libankiforge-6a4058180a8d8736.rlib --extern anyhow=/Users/hp/Desktop/2026/anki-forge/target/debug/deps/libanyhow-403bb8d72015634b.rlib --extern base64=/Users/hp/Desktop/2026/anki-forge/target/debug/deps/libbase64-80c574e62179e036.rlib --extern blake3=/Users/hp/Desktop/2026/anki-forge/target/debug/deps/libblake3-24958e25ae0d2411.rlib --extern crc32fast=/Users/hp/Desktop/2026/anki-forge/target/debug/deps/libcrc32fast-58c8b7e40d38fc4b.rlib --extern flate2=/Users/hp/Desktop/2026/anki-forge/target/debug/deps/libflate2-2802d3062f98c51c.rlib --extern hex=/Users/hp/Desktop/2026/anki-forge/target/debug/deps/libhex-3dca52aca8dcd8c9.rlib --extern html_escape=/Users/hp/Desktop/2026/anki-forge/target/debug/deps/libhtml_escape-e3c085ed350ccb58.rlib --extern image=/Users/hp/Desktop/2026/anki-forge/target/debug/deps/libimage-4a807564eb732bd1.rlib --extern imagesize=/Users/hp/Desktop/2026/anki-forge/target/debug/deps/libimagesize-93a183a70ec0270d.rlib --extern jsonschema=/Users/hp/Desktop/2026/anki-forge/target/debug/deps/libjsonschema-a39f8968116b4bbd.rlib --extern mime=/Users/hp/Desktop/2026/anki-forge/target/debug/deps/libmime-4d10f548eb0f4473.rlib --extern proptest=/Users/hp/Desktop/2026/anki-forge/target/debug/deps/libproptest-d399eacdec501536.rlib --extern prost=/Users/hp/Desktop/2026/anki-forge/target/debug/deps/libprost-3d0f5bdb20156157.rlib --extern rand=/Users/hp/Desktop/2026/anki-forge/target/debug/deps/librand-e1c1a274086e5ae7.rlib --extern rusqlite=/Users/hp/Desktop/2026/anki-forge/target/debug/deps/librusqlite-32f84f393a7c3129.rlib --extern rustix=/Users/hp/Desktop/2026/anki-forge/target/debug/deps/librustix-a916b6450ee806df.rlib --extern same_file=/Users/hp/Desktop/2026/anki-forge/target/debug/deps/libsame_file-3850703a028eaa69.rlib --extern serde=/Users/hp/Desktop/2026/anki-forge/target/debug/deps/libserde-9ec1e78b4b5d0ee7.rlib --extern serde_json=/Users/hp/Desktop/2026/anki-forge/target/debug/deps/libserde_json-dd90be139089220c.rlib --extern serde_yaml=/Users/hp/Desktop/2026/anki-forge/target/debug/deps/libserde_yaml-1cea46448a61c91a.rlib --extern sha1=/Users/hp/Desktop/2026/anki-forge/target/debug/deps/libsha1-b3307e50b0a4dd21.rlib --extern tar=/Users/hp/Desktop/2026/anki-forge/target/debug/deps/libtar-e8452efe9c10b6ce.rlib --extern tempfile=/Users/hp/Desktop/2026/anki-forge/target/debug/deps/libtempfile-38023131a295c674.rlib --extern unicase=/Users/hp/Desktop/2026/anki-forge/target/debug/deps/libunicase-36082f46f7a1b408.rlib --extern unicode_normalization=/Users/hp/Desktop/2026/anki-forge/target/debug/deps/libunicode_normalization-5c250c5de084f684.rlib --extern url=/Users/hp/Desktop/2026/anki-forge/target/debug/deps/liburl-8812bf27633e933a.rlib --extern zip=/Users/hp/Desktop/2026/anki-forge/target/debug/deps/libzip-e3a2aeb1cdb2fffe.rlib --extern zstd=/Users/hp/Desktop/2026/anki-forge/target/debug/deps/libzstd-2d4f4f96c801ed7a.rlib -L native=/Users/hp/Desktop/2026/anki-forge/target/debug/build/blake3-c06daab911a0c52a/out -L native=/Users/hp/Desktop/2026/anki-forge/target/debug/build/libsqlite3-sys-4db63674929bf6f6/out -L native=/Users/hp/Desktop/2026/anki-forge/target/debug/build/zstd-sys-07172dd2be32eeae/out`
     Running `/Users/hp/.rustup/toolchains/1.92.0-aarch64-apple-darwin/bin/rustc --crate-name product_cli_tests --edition=2021 contract_tools/tests/product_cli_tests.rs --error-format=json --json=diagnostic-rendered-ansi,artifacts,future-incompat --emit=dep-info,link -C embed-bitcode=no -C debuginfo=2 -C split-debuginfo=unpacked --forbid=unsafe_code --test --check-cfg 'cfg(docsrs,test)' --check-cfg 'cfg(feature, values())' -C metadata=37f44cc049d35832 -C extra-filename=-6187d103512d029b --out-dir /Users/hp/Desktop/2026/anki-forge/target/debug/deps -C incremental=/Users/hp/Desktop/2026/anki-forge/target/debug/incremental -L dependency=/Users/hp/Desktop/2026/anki-forge/target/debug/deps --extern ankiforge=/Users/hp/Desktop/2026/anki-forge/target/debug/deps/libankiforge-6a4058180a8d8736.rlib --extern anyhow=/Users/hp/Desktop/2026/anki-forge/target/debug/deps/libanyhow-403bb8d72015634b.rlib --extern blake3=/Users/hp/Desktop/2026/anki-forge/target/debug/deps/libblake3-24958e25ae0d2411.rlib --extern clap=/Users/hp/Desktop/2026/anki-forge/target/debug/deps/libclap-81c07679b9c4e00d.rlib --extern contract_tools=/Users/hp/Desktop/2026/anki-forge/target/debug/deps/libcontract_tools-a9b29afae1496449.rlib --extern flate2=/Users/hp/Desktop/2026/anki-forge/target/debug/deps/libflate2-2802d3062f98c51c.rlib --extern html_escape=/Users/hp/Desktop/2026/anki-forge/target/debug/deps/libhtml_escape-e3c085ed350ccb58.rlib --extern jsonschema=/Users/hp/Desktop/2026/anki-forge/target/debug/deps/libjsonschema-a39f8968116b4bbd.rlib --extern proc_macro2=/Users/hp/Desktop/2026/anki-forge/target/debug/deps/libproc_macro2-5923306382b6e875.rlib --extern prost=/Users/hp/Desktop/2026/anki-forge/target/debug/deps/libprost-3d0f5bdb20156157.rlib --extern rusqlite=/Users/hp/Desktop/2026/anki-forge/target/debug/deps/librusqlite-32f84f393a7c3129.rlib --extern same_file=/Users/hp/Desktop/2026/anki-forge/target/debug/deps/libsame_file-3850703a028eaa69.rlib --extern semver=/Users/hp/Desktop/2026/anki-forge/target/debug/deps/libsemver-31f9d330b41e8a46.rlib --extern serde=/Users/hp/Desktop/2026/anki-forge/target/debug/deps/libserde-9ec1e78b4b5d0ee7.rlib --extern serde_json=/Users/hp/Desktop/2026/anki-forge/target/debug/deps/libserde_json-dd90be139089220c.rlib --extern serde_yaml=/Users/hp/Desktop/2026/anki-forge/target/debug/deps/libserde_yaml-1cea46448a61c91a.rlib --extern sha1=/Users/hp/Desktop/2026/anki-forge/target/debug/deps/libsha1-b3307e50b0a4dd21.rlib --extern syn=/Users/hp/Desktop/2026/anki-forge/target/debug/deps/libsyn-ed0dddf67a1f9f25.rlib --extern tar=/Users/hp/Desktop/2026/anki-forge/target/debug/deps/libtar-e8452efe9c10b6ce.rlib --extern tempfile=/Users/hp/Desktop/2026/anki-forge/target/debug/deps/libtempfile-38023131a295c674.rlib --extern url=/Users/hp/Desktop/2026/anki-forge/target/debug/deps/liburl-8812bf27633e933a.rlib --extern zip=/Users/hp/Desktop/2026/anki-forge/target/debug/deps/libzip-e3a2aeb1cdb2fffe.rlib --extern zstd=/Users/hp/Desktop/2026/anki-forge/target/debug/deps/libzstd-2d4f4f96c801ed7a.rlib -L native=/Users/hp/Desktop/2026/anki-forge/target/debug/build/blake3-c06daab911a0c52a/out -L native=/Users/hp/Desktop/2026/anki-forge/target/debug/build/libsqlite3-sys-4db63674929bf6f6/out -L native=/Users/hp/Desktop/2026/anki-forge/target/debug/build/zstd-sys-07172dd2be32eeae/out`
     Running `/Users/hp/.rustup/toolchains/1.92.0-aarch64-apple-darwin/bin/rustc --crate-name schema_gate_tests --edition=2021 contract_tools/tests/schema_gate_tests.rs --error-format=json --json=diagnostic-rendered-ansi,artifacts,future-incompat --emit=dep-info,link -C embed-bitcode=no -C debuginfo=2 -C split-debuginfo=unpacked --forbid=unsafe_code --test --check-cfg 'cfg(docsrs,test)' --check-cfg 'cfg(feature, values())' -C metadata=5af7d4c88108d2fe -C extra-filename=-709c62f8581aa2ce --out-dir /Users/hp/Desktop/2026/anki-forge/target/debug/deps -C incremental=/Users/hp/Desktop/2026/anki-forge/target/debug/incremental -L dependency=/Users/hp/Desktop/2026/anki-forge/target/debug/deps --extern ankiforge=/Users/hp/Desktop/2026/anki-forge/target/debug/deps/libankiforge-6a4058180a8d8736.rlib --extern anyhow=/Users/hp/Desktop/2026/anki-forge/target/debug/deps/libanyhow-403bb8d72015634b.rlib --extern blake3=/Users/hp/Desktop/2026/anki-forge/target/debug/deps/libblake3-24958e25ae0d2411.rlib --extern clap=/Users/hp/Desktop/2026/anki-forge/target/debug/deps/libclap-81c07679b9c4e00d.rlib --extern contract_tools=/Users/hp/Desktop/2026/anki-forge/target/debug/deps/libcontract_tools-a9b29afae1496449.rlib --extern flate2=/Users/hp/Desktop/2026/anki-forge/target/debug/deps/libflate2-2802d3062f98c51c.rlib --extern html_escape=/Users/hp/Desktop/2026/anki-forge/target/debug/deps/libhtml_escape-e3c085ed350ccb58.rlib --extern jsonschema=/Users/hp/Desktop/2026/anki-forge/target/debug/deps/libjsonschema-a39f8968116b4bbd.rlib --extern proc_macro2=/Users/hp/Desktop/2026/anki-forge/target/debug/deps/libproc_macro2-5923306382b6e875.rlib --extern prost=/Users/hp/Desktop/2026/anki-forge/target/debug/deps/libprost-3d0f5bdb20156157.rlib --extern rusqlite=/Users/hp/Desktop/2026/anki-forge/target/debug/deps/librusqlite-32f84f393a7c3129.rlib --extern same_file=/Users/hp/Desktop/2026/anki-forge/target/debug/deps/libsame_file-3850703a028eaa69.rlib --extern semver=/Users/hp/Desktop/2026/anki-forge/target/debug/deps/libsemver-31f9d330b41e8a46.rlib --extern serde=/Users/hp/Desktop/2026/anki-forge/target/debug/deps/libserde-9ec1e78b4b5d0ee7.rlib --extern serde_json=/Users/hp/Desktop/2026/anki-forge/target/debug/deps/libserde_json-dd90be139089220c.rlib --extern serde_yaml=/Users/hp/Desktop/2026/anki-forge/target/debug/deps/libserde_yaml-1cea46448a61c91a.rlib --extern sha1=/Users/hp/Desktop/2026/anki-forge/target/debug/deps/libsha1-b3307e50b0a4dd21.rlib --extern syn=/Users/hp/Desktop/2026/anki-forge/target/debug/deps/libsyn-ed0dddf67a1f9f25.rlib --extern tar=/Users/hp/Desktop/2026/anki-forge/target/debug/deps/libtar-e8452efe9c10b6ce.rlib --extern tempfile=/Users/hp/Desktop/2026/anki-forge/target/debug/deps/libtempfile-38023131a295c674.rlib --extern url=/Users/hp/Desktop/2026/anki-forge/target/debug/deps/liburl-8812bf27633e933a.rlib --extern zip=/Users/hp/Desktop/2026/anki-forge/target/debug/deps/libzip-e3a2aeb1cdb2fffe.rlib --extern zstd=/Users/hp/Desktop/2026/anki-forge/target/debug/deps/libzstd-2d4f4f96c801ed7a.rlib -L native=/Users/hp/Desktop/2026/anki-forge/target/debug/build/blake3-c06daab911a0c52a/out -L native=/Users/hp/Desktop/2026/anki-forge/target/debug/build/libsqlite3-sys-4db63674929bf6f6/out -L native=/Users/hp/Desktop/2026/anki-forge/target/debug/build/zstd-sys-07172dd2be32eeae/out`
     Running `/Users/hp/.rustup/toolchains/1.92.0-aarch64-apple-darwin/bin/rustc --crate-name manifest_tests --edition=2021 contract_tools/tests/manifest_tests.rs --error-format=json --json=diagnostic-rendered-ansi,artifacts,future-incompat --emit=dep-info,link -C embed-bitcode=no -C debuginfo=2 -C split-debuginfo=unpacked --forbid=unsafe_code --test --check-cfg 'cfg(docsrs,test)' --check-cfg 'cfg(feature, values())' -C metadata=ebedb5d3c0f8bc59 -C extra-filename=-2d8ad1ea7e9f56e1 --out-dir /Users/hp/Desktop/2026/anki-forge/target/debug/deps -C incremental=/Users/hp/Desktop/2026/anki-forge/target/debug/incremental -L dependency=/Users/hp/Desktop/2026/anki-forge/target/debug/deps --extern ankiforge=/Users/hp/Desktop/2026/anki-forge/target/debug/deps/libankiforge-6a4058180a8d8736.rlib --extern anyhow=/Users/hp/Desktop/2026/anki-forge/target/debug/deps/libanyhow-403bb8d72015634b.rlib --extern blake3=/Users/hp/Desktop/2026/anki-forge/target/debug/deps/libblake3-24958e25ae0d2411.rlib --extern clap=/Users/hp/Desktop/2026/anki-forge/target/debug/deps/libclap-81c07679b9c4e00d.rlib --extern contract_tools=/Users/hp/Desktop/2026/anki-forge/target/debug/deps/libcontract_tools-a9b29afae1496449.rlib --extern flate2=/Users/hp/Desktop/2026/anki-forge/target/debug/deps/libflate2-2802d3062f98c51c.rlib --extern html_escape=/Users/hp/Desktop/2026/anki-forge/target/debug/deps/libhtml_escape-e3c085ed350ccb58.rlib --extern jsonschema=/Users/hp/Desktop/2026/anki-forge/target/debug/deps/libjsonschema-a39f8968116b4bbd.rlib --extern proc_macro2=/Users/hp/Desktop/2026/anki-forge/target/debug/deps/libproc_macro2-5923306382b6e875.rlib --extern prost=/Users/hp/Desktop/2026/anki-forge/target/debug/deps/libprost-3d0f5bdb20156157.rlib --extern rusqlite=/Users/hp/Desktop/2026/anki-forge/target/debug/deps/librusqlite-32f84f393a7c3129.rlib --extern same_file=/Users/hp/Desktop/2026/anki-forge/target/debug/deps/libsame_file-3850703a028eaa69.rlib --extern semver=/Users/hp/Desktop/2026/anki-forge/target/debug/deps/libsemver-31f9d330b41e8a46.rlib --extern serde=/Users/hp/Desktop/2026/anki-forge/target/debug/deps/libserde-9ec1e78b4b5d0ee7.rlib --extern serde_json=/Users/hp/Desktop/2026/anki-forge/target/debug/deps/libserde_json-dd90be139089220c.rlib --extern serde_yaml=/Users/hp/Desktop/2026/anki-forge/target/debug/deps/libserde_yaml-1cea46448a61c91a.rlib --extern sha1=/Users/hp/Desktop/2026/anki-forge/target/debug/deps/libsha1-b3307e50b0a4dd21.rlib --extern syn=/Users/hp/Desktop/2026/anki-forge/target/debug/deps/libsyn-ed0dddf67a1f9f25.rlib --extern tar=/Users/hp/Desktop/2026/anki-forge/target/debug/deps/libtar-e8452efe9c10b6ce.rlib --extern tempfile=/Users/hp/Desktop/2026/anki-forge/target/debug/deps/libtempfile-38023131a295c674.rlib --extern url=/Users/hp/Desktop/2026/anki-forge/target/debug/deps/liburl-8812bf27633e933a.rlib --extern zip=/Users/hp/Desktop/2026/anki-forge/target/debug/deps/libzip-e3a2aeb1cdb2fffe.rlib --extern zstd=/Users/hp/Desktop/2026/anki-forge/target/debug/deps/libzstd-2d4f4f96c801ed7a.rlib -L native=/Users/hp/Desktop/2026/anki-forge/target/debug/build/blake3-c06daab911a0c52a/out -L native=/Users/hp/Desktop/2026/anki-forge/target/debug/build/libsqlite3-sys-4db63674929bf6f6/out -L native=/Users/hp/Desktop/2026/anki-forge/target/debug/build/zstd-sys-07172dd2be32eeae/out`
    Finished `test` profile [unoptimized + debuginfo] target(s) in 29.00s
     Running `/Users/hp/Desktop/2026/anki-forge/target/debug/deps/ankiforge-93cbc92c9260b781`

running 397 tests
test authoring_core::template_parser::tests::reports_mismatched_section_names ... ok
test authoring_core::template_parser::tests::parses_filters_and_balanced_sections ... ok
test authoring_core::html_text::tests::malformed_html_keeps_quote_comment_and_raw_text_boundaries ... ok
test authoring_core::template_semantics::tests::runtime_metadata_special_fields_are_not_inferred_as_always_nonempty ... ok
test authoring_core::template_semantics::tests::disjunction_of_conjunctions_is_unrepresentable ... ok
test authoring_core::template_semantics::tests::inverted_only_visibility_is_not_always ... ok
test authoring_core::template_semantics::tests::positive_section_forms_an_all_requirement ... ok
test authoring_core::template_semantics::tests::media_attribute_depends_on_its_field ... ok
test authoring_core::template_semantics::tests::direct_fields_form_an_any_requirement ... ok
test authoring_core::template_semantics::tests::declared_fields_take_precedence_over_runtime_metadata_names ... ok
test authoring_core::html_text::tests::unclosed_tags_do_not_rescan_each_remaining_suffix ... ok
test authoring_core::template_semantics::tests::script_style_and_whitespace_entities_are_not_visible_static_content ... ok
test authoring_core::template_semantics::tests::static_front_is_always_generated ... ok
test authoring_core::template_semantics::tests::unconditional_visible_content_survives_inverted_sections ... ok
test authoring_core::html_text::tests::repeated_comments_and_raw_text_near_misses_have_bounded_scans ... ok
test authoring_core::normalize::tests::parallel_media_io_failure_preserves_prior_warnings_and_protocol_shape ... ok
test build::artifact::tests::nested_persistence_syncs_every_new_directory_entry_before_confirming_durability ... ok
test build::artifact::tests::persistence_syncs_created_entries_reached_through_symlinks_and_parent_components ... ok
test build::artifact::tests::late_build_failure_keeps_publication_facts_and_inspected_counts ... ok
test build::artifact::tests::cross_device_copy_sync_failure_preserves_target_and_publication_facts ... ok
test build::artifact::tests::initial_sync_failure_keeps_its_classification_and_precedes_inspection ... ok
test build::artifact::tests::exclusive_build_publication_moves_the_owned_file ... ok
test build::artifact::tests::persistence_syncs_relative_directory_chains_and_empty_parents ... ok
test build::artifact::tests::ancestor_sync_failure_during_build_retains_inspected_counts_and_publication ... ok
test build::candidate::tests::identity_binding_failure_retains_normalization_warnings ... ok
test build::candidate::tests::normalization_io_failure_keeps_original_filesystem_cause ... ok
test build::artifact::tests::cross_device_publication_syncs_the_new_copy_before_replacing_the_target ... ok
test build::candidate::tests::sqlite_disk_full_keeps_the_native_database_cause ... ok
test build::candidate::tests::writer_io_failures_preserve_the_real_cause_and_observations ... ok
test build::identity::canonical::tests::checksum_wire_bytes_match_recursive_canonicalization ... ok
test build::json::tests::unicode_paths_keep_the_json_string_shape ... ok
test build::json::tests::unix_bytes_round_trip_without_loss_in_success_and_publication_snapshots ... ok
test build::pipeline::tests::baseline_inspection_failures_record_elapsed_work_for_build_and_compare ... ok
test build::pipeline::tests::early_configuration_errors_record_duration_without_fabricating_observations ... ok
test internal_tests::apkg_inspect_limits_tests::actual_zip_output_is_bounded_even_with_forged_small_sizes ... ok
test build::artifact::tests::ancestor_sync_failure_preserves_published_bytes_and_original_artifact ... ok
test build::artifact::tests::late_persist_failure_reports_published_file_and_retains_original_success ... ok
test build::artifact::tests::public_persistence_keeps_the_original_handle_usable ... ok
test build::candidate::tests::owned_media_build_does_not_require_input_or_cas_copies ... ok
test internal_tests::apkg_inspect_limits_tests::concatenated_frames_share_budget_and_high_window_is_typed ... ok
test internal_tests::apkg_inspect_limits_tests::default_inspection_rejects_oversized_meta_instead_of_degrading ... ok
test build::artifact::tests::public_persistence_syncs_a_fresh_copy_even_after_the_caller_changes_the_source ... ok
test internal_tests::apkg_inspect_limits_tests::later_frames_and_skippable_frames_cannot_reset_budgets ... ok
test internal_tests::apkg_inspect_limits_tests::limits_cover_archive_directory_map_and_outer_zip_entry ... ok
test internal_tests::apkg_inspect_limits_tests::malformed_zip_and_truncated_frames_are_not_complete_observations ... ok
test internal_tests::apkg_inspect_limits_tests::media_map_entry_count_is_checked_before_payloads_are_opened ... ok
test internal_tests::apkg_inspect_limits_tests::legacy_and_nested_zstd_media_enforce_exact_decoded_boundary ... ok
test internal_tests::apkg_inspect_limits_tests::multiple_media_entries_share_both_cumulative_budgets ... ok
test internal_tests::apkg_inspect_limits_tests::baseline_limits_block_build_and_compare_with_structured_budget_evidence ... ok
test internal_tests::apkg_inspect_limits_tests::zip64_footer_uses_validated_64_bit_counts ... ok
test internal_tests::apkg_inspect_limits_tests::rejects_advertised_entry_count_before_the_zip_index_is_allocated ... ok
test internal_tests::authoring_core_media_ingest_tests::authoring_media_path_source_serializes_without_payload ... ok
test build::artifact::tests::comparison_and_blocked_build_release_the_private_candidate ... ok
test build::artifact::tests::temporary_and_persistent_builds_sync_the_candidate_once_before_any_rename ... ok
test internal_tests::authoring_core_media_ingest_tests::declared_mime_comparison_is_case_insensitive_for_type_and_subtype ... ok
test internal_tests::authoring_core_media_ingest_tests::declared_mime_high_confidence_conflict_is_error ... ok
test internal_tests::authoring_core_media_ingest_tests::high_confidence_sniff_conflicts_with_known_extension_mime ... ok
test internal_tests::authoring_core_media_ingest_tests::ingest_rejects_dot_component_path_source_as_unsafe ... ok
test internal_tests::authoring_core_media_ingest_tests::ingest_rejects_empty_path_source_as_unsafe ... ok
test internal_tests::authoring_core_media_ingest_tests::ingest_rejects_inline_base64_decode_failure ... ok
test internal_tests::authoring_core_media_ingest_tests::different_filenames_for_same_object_are_allowed_with_deduped_object_info ... ok
test internal_tests::authoring_core_media_ingest_tests::ingest_rejects_nonportable_desired_filenames ... ok
test internal_tests::authoring_core_media_ingest_tests::ingest_rejects_path_source_that_is_not_regular_file ... ok
test internal_tests::authoring_core_media_ingest_tests::ingest_path_source_writes_original_bytes_to_cas ... ok
test internal_tests::authoring_core_media_ingest_tests::inline_base64_decode_diagnostic_has_readable_summary ... ok
test internal_tests::authoring_core_media_ingest_tests::ingest_rejects_symlink_escape ... ok
test internal_tests::authoring_core_media_ingest_tests::normalize_drops_empty_skipped_references_from_valid_output ... ok
test internal_tests::authoring_core_media_ingest_tests::normalize_options_default_policy_is_explicit ... ok
test internal_tests::authoring_core_media_ingest_tests::normalize_keeps_skipped_references_in_valid_output ... ok
test internal_tests::authoring_core_media_ingest_tests::normalize_preserves_successful_media_ingest_diagnostics ... ok
test internal_tests::authoring_core_media_ingest_tests::normalize_rejects_media_without_explicit_options ... ok
test internal_tests::authoring_core_media_ingest_tests::normalize_outputs_media_objects_bindings_and_resolved_references ... ok
test internal_tests::apkg_inspect_limits_tests::collection_boundary_preserves_observations_and_failed_candidate_preserves_output ... ok
test internal_tests::authoring_core_media_ingest_tests::normalize_reports_template_and_css_reference_diagnostics_with_paths_and_css_line ... ok
test build::candidate::tests::native_media_io_failures_keep_exact_error_and_baseline_observations ... ok
test internal_tests::authoring_core_media_ingest_tests::normalize_rejects_unused_media_bindings_when_policy_errors ... ok
test internal_tests::authoring_core_media_ingest_tests::normalized_ir_serializes_media_objects_bindings_and_references ... ok
test internal_tests::authoring_core_media_ingest_tests::oversized_path_source_is_rejected_before_final_cas_object_is_written ... ok
test internal_tests::authoring_core_media_ingest_tests::normalize_reports_missing_and_unsafe_references ... ok
test internal_tests::apkg_inspect_limits_tests::project_compare_rejects_an_incomplete_candidate_instead_of_claiming_a_complete_report ... ok
test internal_tests::authoring_core_media_ingest_tests::normalize_warns_about_unused_media_bindings_by_default ... ok
test internal_tests::authoring_core_media_ingest_tests::sort_media_bindings_orders_by_export_filename_then_id ... ok
test internal_tests::authoring_core_media_ingest_tests::sort_media_objects_orders_by_id ... ok
test internal_tests::authoring_core_media_ingest_tests::sort_media_references_orders_by_owner_location_raw_kind_and_resolution ... ok
test build::candidate::tests::writer_filesystem_failures_keep_native_io_causes ... ok
test internal_tests::authoring_core_media_ingest_tests::known_extension_mime_is_used_when_sniff_is_low_confidence_text ... ok
test internal_tests::authoring_core_media_io_tests::cas_write_failure_is_typed ... ok
test internal_tests::authoring_core_media_ingest_tests::rejected_object_does_not_count_toward_total_unique_size_limit ... ok
test internal_tests::authoring_core_media_ingest_tests::same_export_filename_and_different_object_is_conflict ... ok
test internal_tests::authoring_core_media_ingest_tests::same_export_filename_and_same_object_merges_binding_with_info ... ok
test internal_tests::authoring_core_media_io_tests::inline_decode_preflights_encoded_size_before_decode_allocation ... ok
test internal_tests::authoring_core_media_io_tests::inline_decode_reports_base64_and_size_errors_before_cas_ingest ... ok
test internal_tests::authoring_core_media_io_tests::object_store_path_rejects_uppercase_hex ... ok
test internal_tests::authoring_core_media_ingest_tests::total_unique_media_size_limit_is_enforced ... ok
test internal_tests::authoring_core_media_io_tests::concurrent_same_object_ingest_uses_unique_temp_files ... ok
test internal_tests::authoring_core_media_io_tests::sniff_mime_does_not_treat_text_prefixes_as_fonts ... ok
test internal_tests::authoring_core_media_ingest_tests::unknown_mime_and_size_limits_follow_policy ... ok
test internal_tests::authoring_core_media_io_tests::sniff_mime_keeps_json_like_text_as_plain_text ... ok
test internal_tests::authoring_core_media_io_tests::sniff_mime_limits_css_shape_detection_to_text_prefix ... ok
test internal_tests::authoring_core_media_io_tests::sniff_mime_recognizes_common_binary_media_formats ... ok
test internal_tests::authoring_core_media_io_tests::sniff_mp3_requires_consistent_layer_three_frames_and_preserves_aac ... ok
test internal_tests::authoring_core_media_io_tests::sniff_svg_skips_xml_preambles_without_matching_embedded_or_similar_tags ... ok
test internal_tests::authoring_core_media_refs_tests::classifies_external_and_data_uri_as_skipped ... ok
test internal_tests::authoring_core_media_refs_tests::css_url_line_hints_preserve_stripped_html_comment_and_script_newlines ... ok
test internal_tests::authoring_core_media_refs_tests::css_url_malformed_candidate_does_not_consume_later_valid_url_token ... ok
test internal_tests::authoring_core_media_refs_tests::css_url_malformed_quoted_candidate_does_not_rescan_inner_url_token ... ok
test internal_tests::authoring_core_media_refs_tests::css_url_percent_decodes_helper_safe_local_paths ... ok
test internal_tests::authoring_core_media_refs_tests::css_url_refs_ignore_block_comments ... ok
test internal_tests::authoring_core_media_refs_tests::css_url_refs_ignore_script_text_and_css_strings ... ok
test internal_tests::authoring_core_media_refs_tests::css_url_refs_require_url_function_boundary ... ok
test internal_tests::authoring_core_media_io_tests::source_read_failure_reports_source_path ... ok
test internal_tests::authoring_core_media_refs_tests::css_url_refs_scan_inline_style_attributes_without_scanning_script_text ... ok
test internal_tests::authoring_core_media_refs_tests::css_url_reports_opening_url_line ... ok
test internal_tests::authoring_core_media_refs_tests::css_url_scanning_ignores_url_text_inside_quoted_html_tag_attributes ... ok
test internal_tests::authoring_core_media_refs_tests::css_url_skips_malformed_nested_candidates_and_continues ... ok
test internal_tests::authoring_core_media_refs_tests::html_attrs_ignore_fake_refs_inside_quoted_attribute_values ... ok
test internal_tests::authoring_core_media_refs_tests::extracts_sound_html_object_and_css_refs ... ok
test internal_tests::authoring_core_media_refs_tests::html_src_refs_ignore_tag_like_text_inside_raw_text_elements ... ok
test internal_tests::authoring_core_media_refs_tests::html_refs_handle_entities_case_unquoted_attributes_and_comments ... ok
test internal_tests::authoring_core_media_refs_tests::html_src_refs_only_scan_tag_attributes ... ok
test internal_tests::authoring_core_media_refs_tests::incomplete_unquoted_css_url_does_not_consume_later_valid_url ... ok
test internal_tests::authoring_core_media_refs_tests::invalid_percent_escapes_are_unsafe ... ok
test internal_tests::authoring_core_media_refs_tests::portable_local_names_resolve_with_url_or_literal_sound_semantics ... ok
test internal_tests::authoring_core_media_refs_tests::percent_decodes_local_url_path_and_rejects_decoded_unsafe_paths ... ok
test internal_tests::authoring_core_media_refs_tests::query_fragment_only_refs_are_skipped_and_dot_paths_are_unsafe ... ok
test internal_tests::authoring_core_media_io_tests::corrupt_existing_cas_object_reports_integrity_error_and_cleans_temp_file ... ok
test internal_tests::authoring_core_media_refs_tests::sound_refs_do_not_use_url_percent_decoding ... ok
test internal_tests::authoring_core_media_refs_tests::surrounding_url_whitespace_is_unsafe_but_empty_refs_skip ... ok
test internal_tests::authoring_core_media_ingest_tests::normalize_scans_templates_browser_templates_and_css_references ... ok
test internal_tests::authoring_core_media_refs_tests::unclosed_html_attribute_quotes_are_skipped_without_aborting_other_ref_forms ... ok
test internal_tests::authoring_core_media_refs_tests::unquoted_css_url_wrapper_whitespace_is_trimmed_but_empty_refs_skip ... ok
test internal_tests::authoring_core_normalization_pipeline_tests::basic_authoring_input_expands_to_resolved_basic_notetype ... ok
test internal_tests::authoring_core_normalization_pipeline_tests::cloze_authoring_input_expands_to_source_grounded_cloze_template ... ok
test internal_tests::authoring_core_normalization_pipeline_tests::duplicate_notetype_ids_return_invalid_result ... ok
test internal_tests::authoring_core_normalization_pipeline_tests::external_override_missing_external_id_is_invalid ... ok
test internal_tests::authoring_core_normalization_pipeline_tests::missing_document_id_returns_invalid_result_with_diagnostics ... ok
test internal_tests::authoring_core_normalization_pipeline_tests::first_invalid_note_wins_before_media_ingestion ... ok
test internal_tests::authoring_core_normalization_pipeline_tests::random_override_emits_warning_success_and_random_identity_prefix ... ok
test internal_tests::authoring_core_normalization_pipeline_tests::missing_reason_code_for_override_is_invalid ... ok
test internal_tests::authoring_core_normalization_pipeline_tests::mixed_note_fields_and_tags_survive_success_and_media_reference_failure ... ok
test internal_tests::authoring_core_media_io_tests::streams_file_source_to_cas_without_loading_payload_into_authoring_json ... ok
test internal_tests::authoring_core_normalization_pipeline_tests::random_override_missing_reason_code_is_invalid_with_reason_code_diagnostic ... ok
test internal_tests::authoring_core_normalization_pipeline_tests::success_returns_normalized_ir_and_contract_envelope_keys ... ok
test internal_tests::authoring_core_normalization_pipeline_tests::success_with_comparison_context_preserves_risk_policy_ref ... ok
test internal_tests::authoring_core_normalization_pipeline_tests::success_without_comparison_context_serializes_null_comparison_and_merge_report ... ok
test internal_tests::authoring_core_normalization_pipeline_tests::unexpected_extra_field_on_stock_note_returns_invalid_result ... ok
test internal_tests::authoring_core_risk_tests::best_effort_identity_index_is_partial_with_identity_only_reason ... ok
test internal_tests::authoring_core_normalization_pipeline_tests::unmatched_target_selector_is_invalid ... ok
test internal_tests::authoring_core_normalization_pipeline_tests::unknown_notetype_id_returns_invalid_result ... ok
test internal_tests::authoring_core_risk_tests::invalid_result_with_comparison_context_keeps_merge_risk_report_non_null ... ok
test internal_tests::authoring_core_risk_tests::no_comparison_context_yields_no_merge_risk_report ... ok
test internal_tests::authoring_core_normalization_pipeline_tests::explicit_lowered_notetype_identities_and_io_config_survive_normalization ... ok
test internal_tests::authoring_core_risk_tests::strict_with_normalized_baseline_is_complete ... ok
test internal_tests::authoring_core_risk_tests::strict_with_empty_baseline_fingerprint_is_unavailable ... ok
test internal_tests::authoring_core_normalization_pipeline_tests::image_occlusion_lane_uses_source_grounded_fields_and_css ... ok
test internal_tests::authoring_core_selector_tests::accepts_kind_with_predicates ... ok
test internal_tests::authoring_core_selector_tests::accepts_slash_inside_quoted_value ... ok
test internal_tests::authoring_core_selector_tests::chained_predicate_blocks_are_rejected ... ok
test internal_tests::authoring_core_selector_tests::kind_only_selector_is_rejected ... ok
test internal_tests::authoring_core_selector_tests::quoted_bracket_digits_are_not_treated_as_array_index ... ok
test internal_tests::authoring_core_selector_tests::rejects_array_index_segments ... ok
test internal_tests::authoring_core_selector_tests::resolver_returns_ambiguous_for_multiple_matches ... ok
test internal_tests::authoring_core_selector_tests::resolver_returns_unmatched_for_zero_matches ... ok
test internal_tests::product_bundler_tests::inline_font_asset_source_map_resolves_actual_authoring_media_id ... ok
test internal_tests::product_bundler_tests::inline_font_asset_lowering_escapes_css_literals ... ok
test internal_tests::product_bundler_tests::inline_font_asset_lowers_to_media_and_font_face_css ... ok
test internal_tests::product_bundler_tests::font_binding_resolves_namespaced_asset_and_reports_missing_bindings ... ok
test internal_tests::product_helper_tests::answer_divider_helper_injects_a_named_divider_into_basic_answer_template ... ok
test internal_tests::product_helper_tests::back_extra_panel_helper_rejects_basic_note_types ... ok
test internal_tests::product_portability_tests::product_cases_can_be_loaded_from_data_fixtures_and_lowered ... ok
test internal_tests::product_portability_tests::io_font_bundle_case_can_be_loaded_from_data_fixtures_and_lowered ... ok
test internal_tests::runtime_facade_tests::runtime_loads_default_phase3_assets_from_manifest ... ok
test internal_tests::runtime_facade_tests::workspace_runtime_discovers_manifest_bundle_root_and_bundle_version ... ok
test internal_tests::apkg_inspect_limits_tests::many_media_keep_cumulative_limits_and_recover_after_late_failure ... ok
test internal_tests::authoring_core_media_ingest_tests::concurrent_ingestion_keeps_deduplication_limits_and_diagnostic_order ... ok
test internal_tests::writer_core_build_tests::build_accepts_html_entity_encoded_media_refs_when_payload_exists ... ok
test internal_tests::writer_core_build_tests::build_accepts_safe_skipped_media_references_in_writer_ready_input ... ok
test internal_tests::writer_core_build_tests::build_accepts_numeric_html_entity_media_references ... ok
test internal_tests::runtime_facade_tests::runtime_normalize_and_build_from_paths_match_repository_contracts ... ok
test internal_tests::writer_core_build_tests::build_context_ref_is_deterministic_for_equal_contexts ... ok
test internal_tests::writer_core_build_tests::build_artifact_fingerprint_is_stable_across_roots ... ok
test internal_tests::writer_core_build_tests::build_materializes_basic_staging_into_caller_owned_root ... ok
test internal_tests::runtime_facade_tests::runtime_build_accepts_serialized_normalized_output_from_normalize ... ok
test internal_tests::writer_core_build_tests::build_materializes_cloze_staging_into_caller_owned_root ... ok
test internal_tests::writer_core_build_tests::apkg_media_entries_follow_export_filename_then_media_id_order ... ok
test internal_tests::writer_core_build_tests::apkg_writes_duplicate_object_once_per_export_filename ... ok
test internal_tests::writer_core_build_tests::build_rejects_basic_notetype_that_drifts_from_source_grounded_shape ... ok
test internal_tests::writer_core_build_tests::build_rejects_cloze_notetype_that_drifts_from_source_grounded_css ... ok
test internal_tests::writer_core_build_tests::build_rejects_image_occlusion_notetype_that_drifts_from_source_grounded_shape ... ok
test internal_tests::writer_core_build_tests::build_rejects_missing_media_reference_in_writer_ready_input ... ok
test internal_tests::writer_core_build_tests::build_rejects_media_filenames_that_escape_staging_media_root ... ok
test internal_tests::writer_core_build_tests::build_materializes_media_payloads_into_staging_tree ... ok
test internal_tests::writer_core_build_tests::build_rejects_non_positive_explicit_normalized_note_mtime ... ok
test internal_tests::writer_core_build_tests::build_rejects_resolved_media_reference_without_binding ... ok
test internal_tests::writer_core_build_tests::build_rejects_unknown_notetype_with_selector_and_path_diagnostics ... ok
test internal_tests::writer_core_build_tests::build_rejects_unquoted_src_media_refs_when_behavior_is_fail ... ok
test internal_tests::writer_core_build_tests::build_rejects_unresolved_media_refs_when_behavior_is_fail ... ok
test internal_tests::writer_core_build_tests::build_rejects_unsafe_skipped_media_reference_in_writer_ready_input ... ok
test internal_tests::writer_core_build_tests::canonical_json_orders_phase3_report_keys_stably ... ok
test internal_tests::writer_core_build_tests::build_rejects_unsupported_media_resolution_mode ... ok
test internal_tests::writer_core_build_tests::build_preserves_bundled_media_entries ... ok
test internal_tests::writer_core_build_tests::build_warns_on_unresolved_media_refs_when_behavior_is_warn ... ok
test internal_tests::writer_core_build_tests::diff_report_keeps_required_empty_arrays_when_no_changes_exist ... ok
test internal_tests::runtime_facade_tests::saved_legacy_inspection_compares_partially_with_current_evidence ... ok
test internal_tests::writer_core_build_tests::cas_copy_verifies_exact_bytes_written_to_staging_in_single_pass ... ok
test internal_tests::writer_core_build_tests::inspect_report_serializes_with_expected_fixed_domains ... ok
test internal_tests::writer_core_build_tests::build_materializes_image_occlusion_apkg_into_caller_owned_root ... ok
test internal_tests::writer_core_build_tests::build_apkg_package_fingerprint_is_stable_across_roots ... ok
test internal_tests::writer_core_build_tests::emit_apkg_materializes_basic_package_from_staging_artifact ... ok
test internal_tests::writer_core_build_tests::emit_apkg_reads_media_from_cas_without_staging_media_dir ... ok
test internal_tests::writer_core_build_tests::latest_collection_derives_sfld_and_csum_from_first_notetype_field ... ok
test internal_tests::writer_core_build_tests::exported_apkg_media_entries_do_not_emit_removed_tag4_legacy_filename ... ok
test internal_tests::writer_core_build_tests::latest_collection_derives_sfld_from_marked_sort_field_and_csum_from_first_field ... ok
test internal_tests::writer_core_build_tests::latest_collection_deduplicates_deck_aliases_and_preserves_card_routing ... ok
test internal_tests::writer_core_build_tests::latest_collection_ignores_script_style_and_comment_bodies_for_sfld_and_csum ... ok
test internal_tests::writer_core_build_tests::latest_collection_template_target_deck_overrides_note_deck_for_cards ... ok
test internal_tests::writer_core_build_tests::latest_collection_skips_custom_template_when_generation_requirement_is_not_met ... ok
test internal_tests::writer_core_build_tests::latest_collection_preserves_media_filename_when_quoted_attr_contains_gt ... ok
test internal_tests::writer_core_build_tests::latest_collection_strips_html_when_deriving_sort_field_and_checksum ... ok
test internal_tests::writer_core_build_tests::package_build_result_carries_writer_and_build_context_refs ... ok
test internal_tests::writer_core_build_tests::phase3_models_serialize_with_expected_fields ... ok
test internal_tests::writer_core_build_tests::policy_refs_use_id_and_version ... ok
test internal_tests::writer_core_build_tests::latest_collection_uses_explicit_normalized_note_mtime_when_present ... ok
test internal_tests::writer_core_build_tests::latest_collection_preserves_media_filename_with_case_insensitive_spaced_attr ... ok
test internal_tests::writer_core_build_tests::writer_guid_plan_mismatch_returns_update_diagnostic_error ... ok
test internal_tests::writer_core_build_tests::writer_rejects_cross_field_media_invariant_violations ... ok
test internal_tests::writer_core_build_tests::staging_materializes_media_from_cas_not_inline_payload ... ok
test internal_tests::writer_core_build_tests::writer_rejects_malformed_media_invariant_shapes ... ok
test internal_tests::writer_core_build_tests::staging_media_copy_replaces_existing_symlink_without_following_it ... ok
test internal_tests::writer_core_build_tests::concurrent_staging_publishes_in_order_and_discards_later_candidates_on_failure ... ok
test internal_tests::writer_core_build_tests::writer_reports_corrupt_cas_sha1_mismatch_with_media_path ... ok
test internal_tests::writer_core_build_tests::writer_reports_corrupt_cas_size_mismatch_with_media_path ... ok
test internal_tests::writer_core_diff_tests::diff_covers_field_metadata_browser_templates_and_target_decks ... ok
test internal_tests::writer_core_diff_tests::diff_marks_unavailable_extended_domains_and_unknown_domains_as_partial ... ok
test internal_tests::writer_core_diff_tests::diff_merges_selectors_in_order_and_keeps_the_last_duplicate ... ok
test internal_tests::writer_core_diff_tests::diff_reports_emit_stable_selector_and_evidence_refs_for_domain_changes ... ok
test internal_tests::writer_core_build_tests::latest_collection_uses_template_ord_for_generated_card_ord ... ok
test internal_tests::writer_core_diff_tests::diff_reports_only_strip_media_provenance_from_media_domain ... ok
test internal_tests::writer_core_diff_tests::diff_skips_apkg_media_references_on_either_side_without_skipping_later_entries ... ok
test internal_tests::writer_core_build_tests::writer_reports_corrupt_cas_blake3_mismatch_with_media_path ... ok
test internal_tests::writer_core_build_tests::writer_guid_plan_overrides_notes_guid ... ok
test internal_tests::writer_core_build_tests::writer_reports_missing_cas_object_without_semantic_media_diagnostics ... ok
test internal_tests::writer_core_build_tests::latest_collection_writes_native_hierarchical_deck_names_and_parent ... ok
test internal_tests::writer_core_inspect_tests::extract_media_references_decodes_html_entities_across_reference_forms ... ok
test internal_tests::writer_core_diff_tests::legacy_staging_recovers_positional_ids_but_explicit_empty_plan_is_invalid ... ok
test internal_tests::writer_core_diff_tests::diff_reports_between_staging_and_apkg_are_complete_and_empty_for_supported_fixture ... ok
test internal_tests::runtime_facade_tests::runtime_bundle_loading_rejects_manifests_missing_component_versions ... ok
test internal_tests::runtime_facade_tests::runtime_bundle_loading_rejects_invalid_asset_paths ... ok
test internal_tests::writer_core_inspect_tests::inspect_apkg_does_not_report_forge_only_media_ids ... ok
test internal_tests::writer_core_diff_tests::staging_and_apkg_agree_on_deck_aliases_with_template_overrides ... ok
test internal_tests::writer_core_inspect_tests::inspect_apkg_marks_missing_media_map_as_degraded ... ok
test internal_tests::writer_core_diff_tests::extended_metadata_changes_survive_apkg_roundtrip_and_reach_diff_evidence ... ok
test internal_tests::writer_core_inspect_tests::inspect_apkg_preserves_sort_field_and_generation_requirement ... ok
test internal_tests::writer_core_inspect_tests::inspect_apkg_reports_actual_card_decks_for_mixed_template_routing ... ok
test internal_tests::writer_core_inspect_tests::inspect_apkg_reports_note_and_card_deck_names ... ok
test internal_tests::writer_core_inspect_tests::inspect_staging_does_not_scan_raw_fields_for_media_ref_observations ... ok
test internal_tests::writer_core_inspect_tests::inspect_staging_escapes_media_ref_selector_values ... ok
test internal_tests::writer_core_inspect_tests::inspect_apkg_reports_complete_observations_and_counts ... ok
test internal_tests::writer_core_inspect_tests::inspect_apkg_reports_note_identity_metadata_from_notes_data ... ok
test internal_tests::apkg_inspect_limits_tests::many_media_keep_exact_hashes_across_small_and_streamed_payloads ... ok
test internal_tests::writer_core_inspect_tests::inspect_staging_marks_manifest_media_mismatch_as_degraded ... ok
test internal_tests::writer_core_inspect_tests::inspect_staging_media_ref_observations_come_from_normalized_references ... ok
test internal_tests::writer_core_inspect_tests::inspect_staging_fingerprint_is_independent_of_artifact_root ... ok
test internal_tests::writer_core_inspect_tests::inspect_staging_rejects_escaped_manifest_media_filename ... ok
test internal_tests::writer_core_inspect_tests::inspect_emits_browser_template_and_field_label_observations ... ok
test internal_tests::writer_core_inspect_tests::inspect_staging_reports_complete_observations ... ok
test internal_tests::writer_core_inspect_tests::inspect_build_result_prefers_staging_when_available ... ok
test internal_tests::writer_core_inspect_tests::inspect_reports_use_template_ord_for_card_observations ... ok
test internal_tests::writer_core_inspect_tests::inspect_reports_skip_cards_when_generation_requirement_is_unmet ... ok
test internal_tests::writer_core_inspect_tests::inspect_staging_reports_manifest_media_object_and_binding_metadata ... ok
test media::snapshot::process_tests::inherited_cache_lock_is_never_waited_on ... ok
test media::assets::tests::portable_identity_keeps_unicode_ordering_and_hashes_across_ascii_keys ... ok
test media::snapshot::process_tests::inherited_snapshot_drop_preserves_parent_file_and_local_drop_cleans ... ok
test media::snapshot::process_tests::opened_source_retains_budget_and_original_io_errors ... ok
test media::snapshot::spool::tests::cached_readers_bound_each_segment_and_rotate_without_retaining_owners ... ok
test media::snapshot::spool::tests::full_blocks_rotate_and_each_block_has_its_own_cleanup_owner ... ok
test media::snapshot::spool::tests::inherited_block_cleanup_preserves_parent_path ... ok
test media::snapshot::spool::tests::inherited_writer_closes_without_waiting_on_its_mutex ... ok
test media::snapshot::spool::tests::readers_are_independent_and_cannot_cross_segment_boundaries ... ok
test media::snapshot::process_tests::child_cache_discards_inherited_weak_owners ... ok
test media::snapshot::process_tests::replaced_source_fifo_does_not_block ... ok
test prepared_media::payload::tests::empty_and_zero_budget_payloads_still_preserve_the_stream ... ok
test prepared_media::payload::tests::idle_budget_is_shared_and_exhaustion_spills_without_losing_bytes ... ok
test prepared_media::payload::tests::concurrent_payloads_share_the_bound_and_return_buffers ... ok
test prepared_media::payload::tests::short_output_errors_and_panics_release_all_leases ... ok
test prepared_media::tests::one_large_encoded_payload_uses_available_build_memory ... ok
test prepared_media::tests::encoded_payload_spills_before_unbounded_growth_and_preserves_bytes ... ok
test parallel_io::tests::jobs_are_bounded_joined_and_returned_in_input_order_even_after_a_panic ... ok
test product::content::tests::escape_html_escapes_text_once_in_source_order ... ok
test product::lowering::owned_tests::owned_lowering_moves_html_allocations_into_authoring_fields ... ok
test product::lowering::owned_tests::owned_lowering_preserves_custom_cloze_and_transport_diagnostics ... ok
test product::lowering::owned_tests::owned_lowering_preserves_diagnostic_order_and_partial_notes ... ok
test product::lowering::owned_tests::owned_lowering_preserves_duplicate_field_keys_names_and_notetype_resolution ... ok
test prepared_media::tests::reused_codec_restores_default_level_after_png_and_preserves_payloads ... ok
test product::model::tests::non_string_product_version_records_transport_diagnostic ... ok
test product::model::tests::unknown_field_content_kind_deserializes_into_v2_payload ... ok
test product::model::tests::unknown_generation_rule_kind_deserializes_into_v2_payload ... ok
test product::model::tests::unknown_media_source_kind_deserializes_into_v2_payload ... ok
test product::model::tests::unsupported_string_product_version_records_transport_diagnostic ... ok
test product::template_engine::tests::rejects_empty_render_and_section_fields ... ok
test product::template_engine::tests::reports_unknown_fields_and_mismatched_sections ... ok
test product::template_engine::tests::validates_fields_filters_and_balanced_sections ... ok
test product::template_engine::tests::validates_multi_word_field_names_as_complete_names ... ok
test runtime::embedded::tests::embedded_file_inventory_rejects_duplicate_and_conflicting_entries ... ok
test internal_tests::writer_optimization_tests::staging_package_owns_a_snapshot_after_the_source_is_changed_and_dropped ... ok
test runtime::embedded::tests::embedded_file_inventory_rejects_links_and_gzip_corruption ... ok
test internal_tests::writer_optimization_tests::build_sql_failure_cleans_its_source_and_preserves_the_existing_package ... ok
test product::lowering::owned_tests::owned_lowering_preserves_stock_custom_content_and_document_views ... ok
test internal_tests::writer_optimization_tests::materialized_writer_preserves_legacy_ids_and_rejects_invalid_identity_plans ... ok
test internal_tests::writer_optimization_tests::repeated_exports_support_native_artifact_paths ... ok
test runtime::schema::tests::load_schema_reuses_compiled_schema_for_the_same_path ... ok
test schema::bundle::tests::contained_text_symlinks_remain_valid_and_escaping_links_are_rejected ... ok
test schema::bundle::tests::opened_text_preserves_budgets_utf8_and_original_io_errors ... ok
test tools::project_input::decode::tests::inline_budget_accepts_exact_limits_and_applies_per_asset ... ok
test tools::project_input::decode::tests::inline_budget_stops_at_first_excess_byte_without_buffering_source ... ok
test tools::project_input::decode::tests::streaming_decode_preserves_reader_and_syntax_errors ... ok
test tools::project_input::decode::tests::streaming_decode_preserves_strict_json_structure ... ok
test writer_core::apkg::tests::apkg_media_size_accepts_uint32_max ... ok
test writer_core::apkg::tests::apkg_media_size_rejects_values_above_uint32_range ... ok
test schema::bundle::tests::replaced_bundle_text_fifo_does_not_block ... ok
test runtime::embedded::tests::in_memory_defaults_match_complete_path_runtime ... ok
test writer_core::apkg::tests::embedded_upgrade_notice_matches_schema_generated_database ... ok
test writer_core::apkg::tests::failure_after_streaming_collection_keeps_previous_package_and_cleans_compaction ... ok
test writer_core::apkg::tests::field_checksum_uses_stripped_first_field_text_for_html_boundaries ... ok
test writer_core::apkg::tests::guid_plan_validation_keeps_assignments_and_exact_mismatch_errors ... ok
test writer_core::apkg::tests::media_entry_legacy_zip_filename_uses_upstream_tag_255_uint32 ... ok
test writer_core::apkg::tests::collection_population_rolls_back_after_a_note_and_card_were_written ... ok
test writer_core::apkg::tests::retained_media_reuses_context_without_changing_independent_frames ... ok
test writer_core::apkg::tests::storage_values_keep_field_order_sort_checksum_and_empty_values ... ok
test runtime::embedded::tests::in_memory_defaults_preserve_relative_path_resolution_inside_contracts ... ok
test writer_core::apkg::tests::oversized_collection_uses_disk_and_cleans_up_after_population_failure ... ok
ZipWriter drop failed: Io(Os { code: 9, kind: Uncategorized, message: "Bad file descriptor" })test writer_core::apkg::tests::streamed_collection_propagates_input_and_output_io_errors ... ok
test writer_core::apkg::tests::streamed_collection_keeps_compacted_sqlite_bytes_and_removes_its_tempfile ... ok
test writer_core::apkg::tests::strip_html_preserving_media_filenames_handles_anki_boundary_vectors ... ok
test writer_core::apkg::tests::streamed_package_fingerprint_matches_byte_fingerprint ... ok
test writer_core::apkg::tests::strip_html_preserving_media_filenames_never_panics ... ok
test writer_core::apkg::tests::typed_writer_rejects_invalid_model_and_guid_plans_before_replacing_output ... ok
test writer_core::build::tests::apkg_media_errors_are_returned_as_build_diagnostics ... ok
test writer_core::build::tests::apkg_non_media_errors_are_returned_as_build_diagnostics ... ok
test writer_core::canonical_json::tests::borrowed_filter_preserves_canonical_values_and_sorts_nested_keys ... ok
test writer_core::card_plan::tests::anki_default_renders_nonempty_special_fields ... ok
test writer_core::card_plan::tests::anki_default_uses_rendered_front_emptiness ... ok
test writer_core::card_plan::tests::cloze_card_ords_are_distinct_sorted_and_zero_based ... ok
test writer_core::card_plan::tests::malformed_and_zero_cloze_markers_are_reported ... ok
test writer_core::card_plan::tests::missing_cloze_ordinal_is_malformed_by_itself ... ok
test writer_core::card_plan::tests::unclosed_and_nested_cloze_markers_are_reported ... ok
test writer_core::card_plan::tests::unrelated_mustache_text_starting_with_c_is_not_cloze ... ok
test writer_core::deck_name::tests::human_names_use_native_separator_and_component_normalization ... ok
test writer_core::deck_name::tests::registry_adds_each_parent_and_resolves_requested_leaf ... ok
test writer_core::deck_name::tests::registry_keeps_parent_spellings_and_ids_independent_of_request_order ... ok
test writer_core::diff::ownership_tests::comparison_indexes_borrow_observations_and_keep_last_duplicate_selector ... ok
test internal_tests::writer_optimization_tests::typed_and_materialized_writers_preserve_staging_and_package_bytes ... ok
test writer_core::diff::ownership_tests::structural_comparison_matches_canonical_payloads ... ok
test writer_core::inspect::summary_tests::collection_hash_tracks_accepted_short_writes_and_preserves_io_failures ... ok
test writer_core::apkg::tests::streamed_collection_preserves_buffered_zip_bytes_across_block_boundaries ... ok
test writer_core::apkg::tests::strip_html_preserving_media_filenames_preserves_generated_media_attrs ... ok
test writer_core::inspect::summary_tests::interrupted_media_hash_stream_finishes_without_reporting_a_partial_digest ... ok
test runtime::embedded::tests::in_memory_defaults_reject_invalid_policy_and_context ... ok
test internal_tests::writer_core_diff_tests::staging_and_apkg_agree_on_canonical_deck_names ... ok
test writer_core::inspect::summary_tests::failed_current_summary_never_publishes ... ok
test writer_core::inspect::summary_tests::serial_media_hash_does_not_allocate_payload_buffers ... ok
test writer_core::inspect::summary_tests::media_hash_streams_bounded_blocks_and_resets_between_files ... ok
test writer_core::inspect::summary_tests::summary_counts_mixed_notetypes_and_sparse_cloze_cards ... ok
test writer_core::apkg::tests::collection_memory_limit_falls_back_to_identical_compacted_file_bytes ... ok
test writer_core::inspect::summary_tests::native_collection_hash_keeps_archive_and_identity_error_precedence ... ok
test writer_core::inspect::summary_tests::summary_distinguishes_negative_and_u32_max_ordinals_before_deduplication ... ok
test writer_core::inspect::summary_tests::summary_counts_actual_cards_with_sparse_ordinals_and_prefix_guids ... ok
test writer_core::inspect::summary_tests::summary_enforces_identical_resource_limits_and_media_boundaries ... ok
test writer_core::inspect::summary_tests::summary_keeps_archive_sqlite_and_protobuf_errors ... ok
test writer_core::inspect::summary_tests::native_collection_hash_covers_all_frames_with_unchanged_decoded_budgets ... ok
test writer_core::inspect::tests::apkg_observations_enumerate_actual_cards_even_when_the_current_plan_is_empty ... ok
test writer_core::inspect::tests::artifact_path_from_ref_does_not_strip_prefix_collisions ... ok
test writer_core::inspect::tests::artifact_path_from_ref_rejects_path_traversal ... ok
test writer_core::inspect::tests::borrowed_row_text_preserves_owned_text_validation ... ok
test writer_core::inspect::tests::observations_transfer_large_fields_tags_and_identity_evidence ... ok
test writer_core::inspect::tests::streamed_fingerprint_matches_the_original_canonical_projection ... ok
test writer_core::inspect::summary_tests::summary_keeps_signed_ordinals_orphan_cards_and_missing_decks ... ok
test writer_core::media::io_error_tests::real_cas_filesystem_failures_keep_the_os_error ... ok
test writer_core::inspect::summary_tests::summary_keeps_missing_and_malformed_media_degradation ... ok
test writer_core::note_data::tests::fresh_data_matches_existing_bytes_for_fallback_and_assignment_variants ... ok
test writer_core::note_revision::tests::note_revision_keeps_canonical_hashes_for_empty_wide_and_escaped_fields ... ok
test writer_core::staging::canonical_stream_tests::manifest_serialization_keeps_the_original_write_error ... ok
test writer_core::staging::canonical_stream_tests::streamed_manifest_matches_the_previous_canonical_bytes_and_hash ... ok
test writer_core::inspect::summary_tests::summary_keeps_duplicate_notetype_metadata_ids_and_names ... ok
test writer_core::stream_zip::tests::final_bytes_match_the_existing_zip_writer_and_fingerprint ... ok
test writer_core::inspect::summary_tests::summary_preserves_existing_duplicate_guid_and_ordinal_observations ... ok
test writer_core::stream_zip::tests::wrong_length_and_destination_errors_abort_writing ... ok
test writer_core::stream_zip::tests::large_zip_propagates_midstream_output_errors ... ok
test writer_core::note_data::tests::fresh_data_matches_existing_bytes_for_arbitrary_strings ... ok
test writer_core::note_revision::tests::note_revision_matches_previous_canonical_serialization ... ok
test writer_core::stream_zip::tests::large_zip_keeps_exact_bytes_and_fingerprint_with_short_writes ... ok
test runtime::embedded::tests::in_memory_defaults_validate_the_whole_manifest_and_asset_inventory ... ok
test writer_core::inspect::summary_tests::summary_preserves_tolerated_note_content_and_identity_json ... ok
test writer_core::inspect::summary_tests::summary_decodes_unused_sqlite_columns_and_keeps_error_precedence ... ok
test writer_core::stream_zip::tests::zip64_entry_count_is_readable_by_independent_zip_reader ... ok
test prepared_media::tests::preparation_preserves_order_and_recovers_after_mixed_source_failures ... ok
test internal_tests::writer_core_diff_tests::staging_and_apkg_agree_on_browser_template_sentinels ... ok

test result: ok. 397 passed; 0 failed; 0 ignored; 0 measured; 0 filtered out; finished in 3.70s

     Running `/Users/hp/Desktop/2026/anki-forge/target/debug/deps/add_context_tests-0e6dad3ae0c4b201`

running 10 tests
test unknown_field_identifies_the_attempted_note_model_and_field ... ok
test nested_text_ranges_refer_to_original_utf8_and_survive_error_wrapping ... ok
test occlusion_structure_reserved_fields_and_image_conflicts_have_separate_targets ... ok
test original_keys_and_non_field_targets_remain_machine_readable ... ok
test nested_media_misuse_is_rejected_before_registering_any_dependency ... ok
test untyped_assets_remain_valid_while_non_media_categories_reject_typed_nodes ... ok
test required_and_model_failures_have_distinct_evidence_without_registering_bad_models ... ok
test media_categories_and_export_names_are_checked_at_the_documented_stages ... ok
test media_conflicts_locate_incoming_assets_in_both_committed_and_pending_collections ... ok
test real_video_sound_references_keep_payload_bytes_and_reject_image_usage ... ok

test result: ok. 10 passed; 0 failed; 0 ignored; 0 measured; 0 filtered out; finished in 0.27s

     Running `/Users/hp/Desktop/2026/anki-forge/target/debug/deps/artifact_lifecycle_tests-8f90fd9eefe82928`

running 11 tests
test relative_build_artifact_survives_chdir ... ok
test relative_persist_artifact_survives_chdir ... ok
test temporary_artifact_is_removed_only_after_the_last_handle_drops ... ok
test reports_and_serialized_snapshots_do_not_retain_temporary_files ... ok
test failed_publication_preserves_existing_destination_and_complete_observations ... ok
test failed_persistence_keeps_temporary_artifact_usable ... ok
test temporary_persistence_rejects_aliases_before_creating_directories ... ok
test persistence_resolves_symlinks_before_parent_components ... ok
test persistent_destinations_and_copies_survive_output_drop ... ok
test non_unicode_failure_publications_are_lossless_json ... ok
test update_output_cannot_replace_baseline_or_its_file_aliases ... ok

test result: ok. 11 passed; 0 failed; 0 ignored; 0 measured; 0 filtered out; finished in 0.26s

     Running `/Users/hp/Desktop/2026/anki-forge/target/debug/deps/build_report_tests-354e0d6d5e0e98fa`

running 3 tests
test unreadable_baseline_is_distinguished_from_an_inspected_empty_baseline ... ok
test completed_baseline_observations_survive_later_candidate_validation_failure ... ok
test successful_update_reports_both_completed_count_observations ... ok

test result: ok. 3 passed; 0 failed; 0 ignored; 0 measured; 0 filtered out; finished in 0.09s

     Running `/Users/hp/Desktop/2026/anki-forge/target/debug/deps/custom_notetype_api_tests-5ba60b6553d554de`

running 9 tests
test template_target_decks_reject_invalid_names_at_model_completion ... ok
test completing_a_model_rejects_unknown_template_keys_at_the_original_location ... ok
test empty_filter_segments_are_syntax_errors_at_the_authored_expression ... ok
test generation_rules_reject_duplicate_keys_when_completing_the_model ... ok
test validated_model_retains_keys_labels_and_template_options ... ok
test bundle_target_decks_use_the_same_model_validation ... ok
test build_reports_each_template_warning_once ... ok
test unknown_addon_filters_are_nonfatal_portability_warnings ... ok
test model_and_template_keys_do_not_inherit_field_expression_restrictions ... ok

test result: ok. 9 passed; 0 failed; 0 ignored; 0 measured; 0 filtered out; finished in 0.07s

     Running `/Users/hp/Desktop/2026/anki-forge/target/debug/deps/media_export_optimization_tests-10a6e0a3614fc853`

running 12 tests
test recognized_bmp_svg_and_mp3_reject_conflicting_byte_mime_types ... ok
test byte_media_canonicalizes_type_casing_without_changing_parameters ... ok
test file_type_hints_do_not_override_recognized_content ... ok
test byte_media_accepts_compatible_containers_through_publication ... ok
test same_name_changed_snapshot_conflict_is_atomic ... ok
test file_svg_keeps_image_type_name_and_package_bytes ... ok
test file_mp3_without_id3_keeps_audio_type_name_and_package_bytes ... ok
test file_bmp_keeps_image_type_and_supports_occlusion_build ... ok
test typed_sound_preserves_literal_entity_filenames_through_build_and_update ... ok
test deleting_or_replacing_source_paths_after_import_does_not_change_snapshots ... ok
test temporary_and_persistent_exports_contain_identical_decoded_assets ... ok
test concurrent_builds_keep_media_and_output_independent ... ok

test result: ok. 12 passed; 0 failed; 0 ignored; 0 measured; 0 filtered out; finished in 0.41s

     Running `/Users/hp/Desktop/2026/anki-forge/target/debug/deps/media_snapshot_lifecycle_tests-d063c77b0b0dee4c`

running 11 tests
test failed_append_preserves_live_segments_and_retries_in_a_new_block ... ok
test failed_shared_budget_spill_cleans_partial_storage_and_releases_memory ... ok
test failed_partial_spool_write_is_cleaned_and_other_owners_survive ... ok
test same_large_content_from_file_and_bytes_retains_one_spool ... ok
test failed_block_rotation_preserves_live_segments_and_remains_retryable ... ok
test many_small_snapshots_spill_under_a_shared_budget_and_release_it ... ok
test rejected_values_clean_their_snapshot_without_removing_existing_owners ... ok
test relative_temp_directory_keeps_byte_snapshots_owned_across_chdir ... ok
test relative_temp_directory_keeps_file_snapshots_owned_across_chdir ... ok
test source_deletion_and_last_content_owner_control_snapshot_lifetime ... ok
test more_live_spill_blocks_than_descriptor_limit_remain_importable_exportable_and_clean ... ok

test result: ok. 11 passed; 0 failed; 0 ignored; 0 measured; 0 filtered out; finished in 9.93s

     Running `/Users/hp/Desktop/2026/anki-forge/target/debug/deps/packaged_contract_tests-ec43427d4e0cca71`

running 1 test
test packaged_crate_creates_compares_and_updates_with_embedded_contracts ... ok

test result: ok. 1 passed; 0 failed; 0 ignored; 0 measured; 0 filtered out; finished in 0.13s

     Running `/Users/hp/Desktop/2026/anki-forge/target/debug/deps/project_value_tests-7d0deb098018c430`

running 16 tests
test deck_components_with_edge_colons_fail_before_collection_or_build ... ok
test distinct_custom_keys_cannot_share_a_normalized_model_name ... ok
test missing_explicit_html_media_can_be_repaired_after_a_failed_build ... ok
test model_name_comparison_preserves_case_unicode_and_internal_spaces ... ok
test long_explicit_html_and_unicode_survive_output_and_identity_evidence ... ok
test explicit_assets_and_typed_media_share_atomic_conflict_checks ... ok
test appending_notes_after_a_build_affects_only_future_outputs ... ok
test structured_occlusion_uses_the_same_project_as_basic_and_cloze ... ok
test project_default_deck_and_per_note_override_are_both_exported ... ok
test clones_reserve_existing_keys_and_mutate_independently ... ok
test content_and_display_names_do_not_change_explicit_note_identity ... ok
test valid_control_characters_and_html_entities_keep_exact_field_boundaries ... ok
test invalid_field_content_does_not_reserve_keys_models_or_media ... ok
test borrowed_builds_and_clones_preserve_authoring_values ... ok
test raw_field_delimiters_are_rejected_in_every_authored_content_form ... ok
test model_name_conflicts_fail_atomically_before_building ... ok

test result: ok. 16 passed; 0 failed; 0 ignored; 0 measured; 0 filtered out; finished in 0.76s

     Running `/Users/hp/Desktop/2026/anki-forge/target/debug/deps/public_api_boundary_tests-bd71829113ba05cc`

running 3 tests
test owned_authoring_values_and_reports_can_cross_threads ... ok
test public_errors_are_nameable_standard_errors ... ok
test public_domain_types_support_the_complete_success_path ... ok

test result: ok. 3 passed; 0 failed; 0 ignored; 0 measured; 0 filtered out; finished in 0.07s

     Running `/Users/hp/Desktop/2026/anki-forge/target/debug/deps/public_surface_contract_tests-a19e7ee76d277a4b`

running 23 tests
test build_errors_preserve_codes_sources_and_publication_facts ... ok
test owned_media_snapshot_contract ... ok
test bundle_failures_keep_sources_and_enforce_input_boundaries ... ok
test every_schema_key_entry_accepts_owned_and_borrowed_values ... ok
test packages_carry_complete_identity_evidence_and_isolate_namespaces ... ok
test comparisons_report_blocked_risks_and_builds_apply_the_same_typed_policy ... ok
test project_builds_real_anki_content_from_owned_values ... ok
test project_collects_note_dependencies_atomically ... ok
test image_occlusion_keeps_masks_structured_and_renders_distinct_cards ... ok
test bundles_own_complete_asset_closures_and_build_like_native_models ... ok
test release_workflow_consumer_uses_the_current_public_api ... ok
test notes_own_their_models_and_typed_content ... ok
test schema_assets_use_portable_names_and_complete_ownership ... ok
test reviving_retired_entities_preserves_both_identity_and_structural_risk ... ok
test schema_errors_keep_machine_codes_and_original_source_locations ... ok
test typed_images_encode_portable_names_as_url_paths ... ok
test removed_project_titles_are_not_part_of_the_public_interface ... ok
test updates_keep_identity_through_renaming_reordering_and_content_changes ... ok
test updates_keep_mask_history_and_detect_card_replacement_at_equal_counts ... ok
test updates_preserve_implicit_sort_order_and_flag_explicit_sort_changes ... ok
test schema_consumer_contract ... ok
test updates_require_verified_evidence_and_enforce_both_inspection_budgets ... ok
test every_uncommitted_value_warns_when_discarded_but_explicit_drop_is_allowed ... ok

test result: ok. 23 passed; 0 failed; 0 ignored; 0 measured; 0 filtered out; finished in 24.17s

     Running `/Users/hp/Desktop/2026/anki-forge/target/debug/deps/rust_user_api_smoke_tests-618d4e73888f99c5`

running 15 tests
test malformed_cloze_is_rejected_before_publication ... ok
test a_non_first_sort_field_is_written_to_anki ... ok
test artifact_bytes_are_a_complete_package_while_the_handle_is_alive ... ok
test missing_required_field_fails_during_atomic_add ... ok
test empty_media_attribute_field_does_not_generate_a_card ... ok
test content_semantics_do_not_depend_on_note_kind ... ok
test many_templates_create_unique_card_ids_across_notes ... ok
test custom_cloze_uses_distinct_supported_ordinals ... ok
test optional_fields_can_be_omitted_without_changing_order ... ok
test malformed_clozes_after_unicode_prefixes_return_structured_errors ... ok
test positive_section_requires_both_guard_and_rendered_field ... ok
test unrepresentable_default_front_requires_an_explicit_generation_rule ... ok
test stock_basic_and_cloze_share_one_project_with_distinct_card_counts ... ok
test static_front_and_unconditional_inverted_front_generate_without_fields ... ok
test unicode_literal_cloze_prefixes_preserve_cards_in_build_and_compare ... ok

test result: ok. 15 passed; 0 failed; 0 ignored; 0 measured; 0 filtered out; finished in 0.57s

     Running `/Users/hp/Desktop/2026/anki-forge/target/debug/deps/rust_user_capability_matrix-cfa99658d7e0a4a9`

running 23 tests
test baseline_apkg_unreadable ... ignored
test basic_apkg ... ignored
test blank_namespace ... ignored
test blank_note_key ... ignored
test cloze_apkg ... ignored
test compare_and_policy_acceptance_preserve_original_risks ... ignored
test conflicting_model_is_rejected_atomically ... ignored
test custom_bundle_apkg ... ignored
test duplicate_note_key ... ignored
test explicit_unreferenced_asset_is_retained ... ignored
test field_rename_preserves_keys_and_ids ... ignored
test image_occlusion_apkg ... ignored
test mime_mismatch ... ignored
test missing_media_reference ... ignored
test missing_media_source ... ignored
test mixed_stock_and_custom_apkg ... ignored
test owned_snapshot_survives_source_removal ... ignored
test template_reorder_preserves_card_ordinals ... ignored
test unknown_template_field_fails_at_schema_completion ... ignored
test unsafe_media_export_filename ... ignored
test unsafe_media_reference ... ignored
test update_adds_new_note ... ignored
test update_preserves_guid ... ignored

test result: ok. 0 passed; 0 failed; 23 ignored; 0 measured; 0 filtered out; finished in 0.00s

     Running `/Users/hp/Desktop/2026/anki-forge/target/debug/deps/stable_facade_boundary_tests-b26bae2fa6f740f3`

running 3 tests
test default_features_compile_the_documented_domains ... ok
test default_features_hide_lowering_and_normalization_ir ... ok
test default_features_hide_implementation_and_retired_entry_points ... ok

test result: ok. 3 passed; 0 failed; 0 ignored; 0 measured; 0 filtered out; finished in 4.17s

     Running `/Users/hp/Desktop/2026/anki-forge/target/debug/deps/typed_core_tests-a43dd7e24d178bf1`

running 1 test
test repository_tools_can_check_both_contract_protocols ... ok

test result: ok. 1 passed; 0 failed; 0 ignored; 0 measured; 0 filtered out; finished in 0.00s

     Running `/Users/hp/Desktop/2026/anki-forge/target/debug/deps/contract_tools-d28e58161b9797fa`

running 0 tests

test result: ok. 0 passed; 0 failed; 0 ignored; 0 measured; 0 filtered out; finished in 0.00s

     Running `/Users/hp/Desktop/2026/anki-forge/target/debug/deps/contract_tools-db3fca008b2c157b`

running 0 tests

test result: ok. 0 passed; 0 failed; 0 ignored; 0 measured; 0 filtered out; finished in 0.00s

     Running `/Users/hp/Desktop/2026/anki-forge/target/debug/deps/cli_tests-a27fe1828144718e`

running 15 tests
test contract_manifest_path_points_to_contracts_manifest ... ok
test build_command_requires_artifacts_dir ... ok
test inspect_resource_limits_reach_cli_and_tool_operations ... ok
test inspect_cleans_temporary_collection_on_success_and_sqlite_failure ... ok
test inspect_and_diff_commands_match_anki_forge_runtime_output ... ok
test verify_command_fails_when_manifest_is_missing ... ok
test normalize_command_matches_anki_forge_runtime_output ... ok
test normalize_contract_json_includes_required_top_level_fields ... ok
test normalize_command_rejects_invalid_authoring_input_shape ... ok
test summary_command_prints_bundle_version_and_public_axis ... ok
test build_command_matches_anki_forge_runtime_output ... ok
test build_command_defaults_writer_policy_and_build_context ... ok
test build_command_emits_contract_json_with_manifest_backed_refs ... ok
test inspect_and_diff_commands_emit_contract_json_for_real_fixture ... ok
test verify_command_succeeds_for_the_repo_contract_bundle ... ok

test result: ok. 15 passed; 0 failed; 0 ignored; 0 measured; 0 filtered out; finished in 1.41s

     Running `/Users/hp/Desktop/2026/anki-forge/target/debug/deps/compat_oracle_tests-e86a4991e1304c19`

running 7 tests
test compat_oracle_rejects_basic_field_order_drift ... ok
test compat_oracle_rejects_image_occlusion_template_drift ... ok
test compat_oracle_accepts_numeric_html_entity_media_references ... ok
test compat_oracle_rejects_dangling_media_refs_derived_from_note_fields ... ok
test compat_oracle_rejects_media_map_legacy_zip_filename_tag255 ... ok
test compat_oracle_skips_when_catalog_has_no_phase3_writer_cases ... ok
test compat_oracle_gates_accept_bundled_writer_phase3_fixtures ... ok

test result: ok. 7 passed; 0 failed; 0 ignored; 0 measured; 0 filtered out; finished in 0.16s

     Running `/Users/hp/Desktop/2026/anki-forge/target/debug/deps/fixture_gate_tests-7af58dd0f566085f`

running 17 tests
test bundled_catalog_declares_phase3_e2e_cases ... ok
test bundled_catalog_declares_phase3_writer_cases ... ok
test fixture_gates_reject_evolution_metadata_drift ... ok
test fixture_gates_execute_phase2_cases_and_compare_expected_output ... ok
test fixture_gates_reject_phase2_expected_output_mismatch ... ok
test fixture_gates_reject_unknown_error_codes_in_expected_reports ... ok
test update_safety_contract_fixtures_validate ... ok
test update_safety_fixture_catalog_lists_required_scenarios ... ok
test fixture_gates_reject_phase3_inspect_golden_mismatch ... ok
test fixture_gates_reject_note_identity_error_codes_missing_from_registry ... ok
test fixture_gates_reject_note_identity_stable_id_hash_mismatch ... ok
test fixture_gates_reject_note_identity_recipe_input_schema_mismatch ... ok
test fixture_gates_reject_note_identity_noncanonical_payload_string ... ok
test fixture_gates_execute_phase3_writer_and_e2e_cases ... ok
test fixture_gates_accept_the_bundled_catalog_and_fixtures ... ok
test fixture_gates_validate_template_contents_through_project ... ok
test missing_template_bundle_dependencies_fail_verify_and_package ... ok

test result: ok. 17 passed; 0 failed; 0 ignored; 0 measured; 0 filtered out; finished in 2.70s

     Running `/Users/hp/Desktop/2026/anki-forge/target/debug/deps/governance_tests-65cddcfff9edd165`

running 10 tests
test release_verification_requires_a_baseline_manifest ... ok
test source_gate_checks_constants_helpers_raw_strings_macros_and_feature_branches ... ok
test semantics_gate_discovers_new_manifest_assets_without_code_changes ... ok
test source_gate_rejects_removed_codes_and_missing_source_trees ... ok
test source_gate_filters_test_only_impl_and_trait_members_without_skipping_production ... ok
test manifest_versions_obey_semver_in_the_published_schema ... ok
test semantics_gate_checks_every_manifest_semantics_asset ... ok
test release_verification_rejects_an_identical_bundle_baseline ... ok
test repository_diagnostic_literals_are_registered ... ok
test verify_cli_enforces_baseline_and_accepts_a_fresh_record ... ok

test result: ok. 10 passed; 0 failed; 0 ignored; 0 measured; 0 filtered out; finished in 2.67s

     Running `/Users/hp/Desktop/2026/anki-forge/target/debug/deps/identity_evidence_schema_tests-bbfc0fe804ef1e70`

running 2 tests
test media_history_schema_covers_active_and_omitted_release_descriptors ... ok
test identity_revision_timestamps_match_schema_and_verified_package_validation ... ok

test result: ok. 2 passed; 0 failed; 0 ignored; 0 measured; 0 filtered out; finished in 0.20s

     Running `/Users/hp/Desktop/2026/anki-forge/target/debug/deps/manifest_tests-2d8ad1ea7e9f56e1`

running 6 tests
test relative_contract_paths_reject_directory_assets ... ok
test relative_contract_paths_reject_symlink_escape ... ok
test relative_contract_paths_reject_absolute_paths_and_escape_attempts ... ok
test manifest_schema_is_loaded_from_each_manifest_root ... ok
test manifest_uses_bundle_version_as_the_only_public_axis ... ok
test manifest_resolves_asset_paths_relative_to_manifest_directory ... ok

test result: ok. 6 passed; 0 failed; 0 ignored; 0 measured; 0 filtered out; finished in 0.02s

     Running `/Users/hp/Desktop/2026/anki-forge/target/debug/deps/package_tests-807d8d63eaa6d8a3`

running 7 tests
test historical_template_manifest_paths_remain_hashable_without_legacy_authoring ... ok
test package_command_excludes_transient_media_store_tmp_files ... ok
test package_command_is_reproducible ... ok
test packaged_template_bundle_fixtures_build_and_inspect ... ok
test package_template_bundles_include_only_declared_inputs_at_their_relative_paths ... ok
test package_template_bundles_preserve_internal_symlink_aliases_and_reject_escapes ... ok
test package_command_emits_a_bundle_artifact_with_manifest_and_contract_assets ... ok

test result: ok. 7 passed; 0 failed; 0 ignored; 0 measured; 0 filtered out; finished in 0.84s

     Running `/Users/hp/Desktop/2026/anki-forge/target/debug/deps/policy_gate_tests-2037a1dbf0891684`

running 2 tests
test phase3_policy_assets_validate_against_declared_schemas ... ok
test default_policy_assets_validate_against_declared_schemas ... ok

test result: ok. 2 passed; 0 failed; 0 ignored; 0 measured; 0 filtered out; finished in 0.04s

     Running `/Users/hp/Desktop/2026/anki-forge/target/debug/deps/product_cli_tests-6187d103512d029b`

running 10 tests
test report_hardlink_cannot_replace_the_project_input ... ok
test report_path_rejects_missing_parent_alias_without_side_effects ... ok
test report_paths_cannot_replace_inputs_baselines_or_artifacts ... ok
test malformed_baseline_and_policy_are_hard_failures ... ok
test legacy_transport_and_removed_update_switches_are_rejected ... ok
test package_remains_successful_when_the_separate_report_write_fails ... ok
test project_loader_owns_media_and_builds_custom_cloze_and_structured_io ... ok
test native_build_emits_an_artifact_and_independent_snapshot_file ... ok
test apkg_output_cannot_replace_project_input_or_its_file_aliases ... ok
test comparison_and_build_share_policy_and_preserve_blocked_destination ... ok

test result: ok. 10 passed; 0 failed; 0 ignored; 0 measured; 0 filtered out; finished in 0.24s

     Running `/Users/hp/Desktop/2026/anki-forge/target/debug/deps/project_scalar_schema_tests-cfe494d08e642870`

running 18 tests
test cloze_model_cardinality_and_generation_match_runtime ... ok
test export_filename_utf8_budget_is_checked_after_schema_validation ... ok
test media_type_requires_a_nonempty_subtype ... ok
test inline_media_schema_uses_the_default_runtime_byte_budget ... ok
test image_occlusion_overrides_allow_only_writable_fields ... ok
test asset_aliases_match_loader_without_imposing_stable_key_rules ... ok
test authored_field_separator_matches_loader_in_every_content_form ... ok
test project_bundle_path_can_refer_to_its_base_directory ... ok
test export_filenames_match_media_validation_and_loader ... ok
test model_and_template_names_match_runtime_and_loader ... ok
test project_file_paths_preserve_whitespace_and_bom_filenames ... ok
test project_paths_reject_nul_on_all_platforms ... ok
test recipe_v2_rejects_old_versions_and_project_titles ... ok
test stable_keys_match_rust_unicode_trimming ... ok
test image_occlusion_mask_count_matches_runtime_and_loader ... ok
test byte_source_mime_syntax_matches_media_and_loader ... ok
test deck_names_match_runtime_and_loader_at_every_input_location ... ok
test image_occlusion_scalar_coordinates_match_runtime_and_loader ... ok

test result: ok. 18 passed; 0 failed; 0 ignored; 0 measured; 0 filtered out; finished in 0.68s

     Running `/Users/hp/Desktop/2026/anki-forge/target/debug/deps/project_tag_schema_tests-39343d50d93ce4ee`

running 1 test
test project_tag_schema_matches_runtime_validation ... ok

test result: ok. 1 passed; 0 failed; 0 ignored; 0 measured; 0 filtered out; finished in 0.11s

     Running `/Users/hp/Desktop/2026/anki-forge/target/debug/deps/registry_gate_tests-1a8e53759ff3330e`

running 4 tests
test semantics_gate_rejects_unregistered_asset_refs ... ok
test error_registry_gate_rejects_schema_violations ... ok
test semantics_gate_runs_against_the_bundled_manifest ... ok
test error_registry_gate_runs_against_the_bundled_manifest ... ok

test result: ok. 4 passed; 0 failed; 0 ignored; 0 measured; 0 filtered out; finished in 0.05s

     Running `/Users/hp/Desktop/2026/anki-forge/target/debug/deps/release_governance_tests-70615c9faadc8831`

running 5 tests
test release_requires_an_explicit_previous_ref ... ok
test release_rejects_non_ancestor_before_invoking_verification ... ok
test release_rejects_current_commit_through_head_branch_sha_and_tag ... ok
test ordinary_local_verification_still_allows_an_unchanged_checkout ... ok
test release_accepts_a_strict_ancestor_and_forwards_release_mode ... ok

test result: ok. 5 passed; 0 failed; 0 ignored; 0 measured; 0 filtered out; finished in 3.23s

     Running `/Users/hp/Desktop/2026/anki-forge/target/debug/deps/schema_gate_tests-709c62f8581aa2ce`

running 34 tests
test manifest_registers_note_identity_schema_and_semantics_assets ... ok
test diagnostic_item_schema_matches_the_validation_report_local_definition ... ok
test manifest_registers_phase3_schema_policy_and_semantics_assets ... ok
test manifest_registers_phase2_schema_assets ... ok
test authoring_ir_schema_rejects_legacy_inline_media_payloads ... ok
test authoring_ir_schema_accepts_stock_notetype_note_and_media_entries ... ok
test authoring_ir_schema_accepts_explicit_lowered_stock_compatible_notetype_shape ... ok
test authoring_ir_schema_accepts_the_minimal_valid_shape ... ok
test manifest_registers_update_safety_schema_and_semantics_assets ... ok
test native_build_report_schema_is_registered_in_manifest ... ok
test authoring_ir_schema_accepts_path_and_inline_media_sources ... ok
test identity_index_schema_accepts_legacy_and_valid_revisions_but_rejects_invalid_evidence ... ok
test normalization_diagnostics_schema_accepts_items_with_source_path ... ok
test normalization_diagnostics_schema_accepts_info_level_items ... ok
test normalization_result_schema_allows_omitting_comparison_context_and_merge_risk_report ... ok
test normalization_result_schema_accepts_valid_merge_risk_report_when_comparison_context_is_present ... ok
test normalization_result_schema_rejects_null_merge_risk_report_when_comparison_context_is_present ... ok
test normalization_result_schema_allows_null_comparison_context_without_merge_risk_report ... ok
test normalized_media_contract_invariants_reject_inconsistent_object_identity ... ok
test normalized_media_contract_invariants_reject_missing_binding_object_and_duplicate_filename ... ok
test normalization_result_schema_requires_merge_risk_report_when_comparison_context_is_present ... ok
test normalized_ir_schema_accepts_media_objects_bindings_and_reference_states ... ok
test normalized_ir_schema_rejects_media_payload_fields ... ok
test normalized_ir_schema_requires_reference_state_fields ... ok
test normalized_ir_schema_accepts_resolved_writer_ready_shape ... ok
test phase3_update_safety_schemas_are_valid_json_schema ... ok
test product_v3_schema_rejects_duplicate_generation_rule_fields ... ok
test native_build_report_schema_is_valid_json_schema ... ok
test validation_report_schema_requires_a_diagnostics_array ... ok
test template_bundle_schema_rejects_blank_identifiers ... ok
test native_build_schema_accepts_real_non_unicode_path_snapshots ... ok
test native_build_schema_validates_native_path_encodings_in_both_outcomes ... ok
test native_build_and_comparison_schemas_accept_real_outcomes ... ok
test schema_gates_run_against_the_bundled_contract_manifest ... ok

test result: ok. 34 passed; 0 failed; 0 ignored; 0 measured; 0 filtered out; finished in 0.38s

     Running `/Users/hp/Desktop/2026/anki-forge/target/debug/deps/template_bundle_scalar_schema_tests-59a63f3edb79ade8`

running 11 tests
test bundle_and_project_share_scalar_contract_definitions ... ok
test bundle_duplicate_yaml_keys_remain_invalid ... ok
test bundle_manifest_budget_is_checked_before_parsing ... ok
test bundle_export_filename_utf8_budget_is_checked_after_schema_validation ... ok
test bundle_cardinality_and_generation_rules_match_loader ... ok
test bundle_optional_nulls_and_required_types_match_loader ... ok
test bundle_yaml_scalar_types_are_not_coerced_to_strings ... ok
test bundle_export_filenames_match_media_api ... ok
test bundle_names_and_keys_match_builder_unicode_validation ... ok
test bundle_paths_match_portable_resolver_without_rejecting_legal_file_names ... ok
test bundle_decks_match_authored_deck_rules ... ok

test result: ok. 11 passed; 0 failed; 0 ignored; 0 measured; 0 filtered out; finished in 0.54s

     Running `/Users/hp/Desktop/2026/anki-forge/target/debug/deps/versioning_change_tests-3b552e83d5957fea`

running 12 tests
test release_requires_an_older_version_even_when_assets_are_unchanged ... ok
test change_record_is_bound_to_exact_content_and_baseline ... ok
test schema_changes_cannot_claim_documentation_or_fixture_only ... ok
test duplicate_or_incomplete_change_records_fail ... ok
test release_with_older_baseline_still_requires_exact_change_evidence ... ok
test malformed_decreasing_and_metadata_only_versions_are_rejected ... ok
test declared_breaking_change_requires_major_bump_and_migration_notes ... ok
test unchanged_bundle_needs_no_change_record ... ok
test actual_asset_change_requires_record_and_minor_bump ... ok
test transitive_fixture_changes_are_inventoried_and_allow_patch_only_class ... ok
test asset_removal_or_retargeting_cannot_claim_additive_compatibility ... ok
test removal_or_retirement_of_registered_codes_forces_incompatible_class ... ok

test result: ok. 12 passed; 0 failed; 0 ignored; 0 measured; 0 filtered out; finished in 0.05s

     Running `/Users/hp/Desktop/2026/anki-forge/target/debug/deps/versioning_gate_tests-1e05dc5325f4d596`

running 3 tests
test versioning_gates_reject_unknown_compatibility_classes ... ok
test versioning_gates_reject_missing_compatible_or_incompatible_coverage ... ok
test versioning_gates_accept_the_bundled_contract_bundle ... ok

test result: ok. 3 passed; 0 failed; 0 ignored; 0 measured; 0 filtered out; finished in 0.02s

     Running `/Users/hp/Desktop/2026/anki-forge/target/debug/deps/workspace_smoke_tests-4bbc1f393a880aa4`

running 5 tests
test workspace_exposes_writer_core_contract_version ... ok
test repository_exposes_a_contract_bundle_entrypoint ... ok
test roundtrip_oracle_script_exists ... ok
test workspace_exposes_authoring_core_contract_version ... ok
test contract_tools_manifest_does_not_default_depend_on_vendored_anki ... ok

test result: ok. 5 passed; 0 failed; 0 ignored; 0 measured; 0 filtered out; finished in 0.00s

   Doc-tests ankiforge
     Running `/Users/hp/.rustup/toolchains/1.92.0-aarch64-apple-darwin/bin/rustdoc --edition=2021 --crate-type lib --color auto --crate-name ankiforge --test anki_forge/src/lib.rs --test-run-directory /Users/hp/Desktop/2026/anki-forge/anki_forge -L dependency=/Users/hp/Desktop/2026/anki-forge/target/debug/deps -L dependency=/Users/hp/Desktop/2026/anki-forge/target/debug/deps -L native=/Users/hp/Desktop/2026/anki-forge/target/debug/build/blake3-c06daab911a0c52a/out -L native=/Users/hp/Desktop/2026/anki-forge/target/debug/build/libsqlite3-sys-4db63674929bf6f6/out -L native=/Users/hp/Desktop/2026/anki-forge/target/debug/build/zstd-sys-07172dd2be32eeae/out -L 'native=/opt/homebrew/opt/python@3.14/Frameworks/Python.framework/Versions/3.14/lib' --forbid=unsafe_code --extern ankiforge=/Users/hp/Desktop/2026/anki-forge/target/debug/deps/libankiforge-6a4058180a8d8736.rlib --extern anyhow=/Users/hp/Desktop/2026/anki-forge/target/debug/deps/libanyhow-403bb8d72015634b.rlib --extern base64=/Users/hp/Desktop/2026/anki-forge/target/debug/deps/libbase64-80c574e62179e036.rlib --extern blake3=/Users/hp/Desktop/2026/anki-forge/target/debug/deps/libblake3-24958e25ae0d2411.rlib --extern crc32fast=/Users/hp/Desktop/2026/anki-forge/target/debug/deps/libcrc32fast-58c8b7e40d38fc4b.rlib --extern flate2=/Users/hp/Desktop/2026/anki-forge/target/debug/deps/libflate2-2802d3062f98c51c.rlib --extern hex=/Users/hp/Desktop/2026/anki-forge/target/debug/deps/libhex-3dca52aca8dcd8c9.rlib --extern html_escape=/Users/hp/Desktop/2026/anki-forge/target/debug/deps/libhtml_escape-e3c085ed350ccb58.rlib --extern image=/Users/hp/Desktop/2026/anki-forge/target/debug/deps/libimage-4a807564eb732bd1.rlib --extern imagesize=/Users/hp/Desktop/2026/anki-forge/target/debug/deps/libimagesize-93a183a70ec0270d.rlib --extern jsonschema=/Users/hp/Desktop/2026/anki-forge/target/debug/deps/libjsonschema-a39f8968116b4bbd.rlib --extern mime=/Users/hp/Desktop/2026/anki-forge/target/debug/deps/libmime-4d10f548eb0f4473.rlib --extern proptest=/Users/hp/Desktop/2026/anki-forge/target/debug/deps/libproptest-d399eacdec501536.rlib --extern prost=/Users/hp/Desktop/2026/anki-forge/target/debug/deps/libprost-3d0f5bdb20156157.rlib --extern rand=/Users/hp/Desktop/2026/anki-forge/target/debug/deps/librand-e1c1a274086e5ae7.rlib --extern rusqlite=/Users/hp/Desktop/2026/anki-forge/target/debug/deps/librusqlite-32f84f393a7c3129.rlib --extern rustix=/Users/hp/Desktop/2026/anki-forge/target/debug/deps/librustix-a916b6450ee806df.rlib --extern same_file=/Users/hp/Desktop/2026/anki-forge/target/debug/deps/libsame_file-3850703a028eaa69.rlib --extern serde=/Users/hp/Desktop/2026/anki-forge/target/debug/deps/libserde-9ec1e78b4b5d0ee7.rlib --extern serde_json=/Users/hp/Desktop/2026/anki-forge/target/debug/deps/libserde_json-dd90be139089220c.rlib --extern serde_yaml=/Users/hp/Desktop/2026/anki-forge/target/debug/deps/libserde_yaml-1cea46448a61c91a.rlib --extern sha1=/Users/hp/Desktop/2026/anki-forge/target/debug/deps/libsha1-b3307e50b0a4dd21.rlib --extern tar=/Users/hp/Desktop/2026/anki-forge/target/debug/deps/libtar-e8452efe9c10b6ce.rlib --extern tempfile=/Users/hp/Desktop/2026/anki-forge/target/debug/deps/libtempfile-38023131a295c674.rlib --extern unicase=/Users/hp/Desktop/2026/anki-forge/target/debug/deps/libunicase-36082f46f7a1b408.rlib --extern unicode_normalization=/Users/hp/Desktop/2026/anki-forge/target/debug/deps/libunicode_normalization-5c250c5de084f684.rlib --extern url=/Users/hp/Desktop/2026/anki-forge/target/debug/deps/liburl-8812bf27633e933a.rlib --extern zip=/Users/hp/Desktop/2026/anki-forge/target/debug/deps/libzip-e3a2aeb1cdb2fffe.rlib --extern zstd=/Users/hp/Desktop/2026/anki-forge/target/debug/deps/libzstd-2d4f4f96c801ed7a.rlib -C embed-bitcode=no --cfg 'feature="default"' --cfg 'feature="internal-tools"' --check-cfg 'cfg(docsrs,test)' --check-cfg 'cfg(feature, values("default", "internal-tools"))' --error-format human`

running 5 tests
test anki_forge/src/lib.rs - (line 32) - compile ... ok
test anki_forge/src/lib.rs - (line 9) - compile ... ok
test anki_forge/src/lib.rs - (line 60) - compile ... ok
test anki_forge/src/lib.rs - (line 85) - compile ... ok
test anki_forge/src/build_api/artifact.rs - build::artifact::ApkgArtifact (line 25) - compile ... ok

test result: ok. 5 passed; 0 failed; 0 ignored; 0 measured; 0 filtered out; finished in 0.43s

   Doc-tests contract_tools
     Running `/Users/hp/.rustup/toolchains/1.92.0-aarch64-apple-darwin/bin/rustdoc --edition=2021 --crate-type lib --color auto --crate-name contract_tools --test contract_tools/src/lib.rs --test-run-directory /Users/hp/Desktop/2026/anki-forge/contract_tools -L dependency=/Users/hp/Desktop/2026/anki-forge/target/debug/deps -L dependency=/Users/hp/Desktop/2026/anki-forge/target/debug/deps -L native=/Users/hp/Desktop/2026/anki-forge/target/debug/build/blake3-c06daab911a0c52a/out -L native=/Users/hp/Desktop/2026/anki-forge/target/debug/build/libsqlite3-sys-4db63674929bf6f6/out -L native=/Users/hp/Desktop/2026/anki-forge/target/debug/build/zstd-sys-07172dd2be32eeae/out -L 'native=/opt/homebrew/opt/python@3.14/Frameworks/Python.framework/Versions/3.14/lib' --forbid=unsafe_code --extern ankiforge=/Users/hp/Desktop/2026/anki-forge/target/debug/deps/libankiforge-6a4058180a8d8736.rlib --extern anyhow=/Users/hp/Desktop/2026/anki-forge/target/debug/deps/libanyhow-403bb8d72015634b.rlib --extern blake3=/Users/hp/Desktop/2026/anki-forge/target/debug/deps/libblake3-24958e25ae0d2411.rlib --extern clap=/Users/hp/Desktop/2026/anki-forge/target/debug/deps/libclap-81c07679b9c4e00d.rlib --extern contract_tools=/Users/hp/Desktop/2026/anki-forge/target/debug/deps/libcontract_tools-a9b29afae1496449.rlib --extern flate2=/Users/hp/Desktop/2026/anki-forge/target/debug/deps/libflate2-2802d3062f98c51c.rlib --extern html_escape=/Users/hp/Desktop/2026/anki-forge/target/debug/deps/libhtml_escape-e3c085ed350ccb58.rlib --extern jsonschema=/Users/hp/Desktop/2026/anki-forge/target/debug/deps/libjsonschema-a39f8968116b4bbd.rlib --extern proc_macro2=/Users/hp/Desktop/2026/anki-forge/target/debug/deps/libproc_macro2-5923306382b6e875.rlib --extern prost=/Users/hp/Desktop/2026/anki-forge/target/debug/deps/libprost-3d0f5bdb20156157.rlib --extern rusqlite=/Users/hp/Desktop/2026/anki-forge/target/debug/deps/librusqlite-32f84f393a7c3129.rlib --extern same_file=/Users/hp/Desktop/2026/anki-forge/target/debug/deps/libsame_file-3850703a028eaa69.rlib --extern semver=/Users/hp/Desktop/2026/anki-forge/target/debug/deps/libsemver-31f9d330b41e8a46.rlib --extern serde=/Users/hp/Desktop/2026/anki-forge/target/debug/deps/libserde-9ec1e78b4b5d0ee7.rlib --extern serde_json=/Users/hp/Desktop/2026/anki-forge/target/debug/deps/libserde_json-dd90be139089220c.rlib --extern serde_yaml=/Users/hp/Desktop/2026/anki-forge/target/debug/deps/libserde_yaml-1cea46448a61c91a.rlib --extern sha1=/Users/hp/Desktop/2026/anki-forge/target/debug/deps/libsha1-b3307e50b0a4dd21.rlib --extern syn=/Users/hp/Desktop/2026/anki-forge/target/debug/deps/libsyn-ed0dddf67a1f9f25.rlib --extern tar=/Users/hp/Desktop/2026/anki-forge/target/debug/deps/libtar-e8452efe9c10b6ce.rlib --extern tempfile=/Users/hp/Desktop/2026/anki-forge/target/debug/deps/libtempfile-38023131a295c674.rlib --extern url=/Users/hp/Desktop/2026/anki-forge/target/debug/deps/liburl-8812bf27633e933a.rlib --extern zip=/Users/hp/Desktop/2026/anki-forge/target/debug/deps/libzip-e3a2aeb1cdb2fffe.rlib --extern zstd=/Users/hp/Desktop/2026/anki-forge/target/debug/deps/libzstd-2d4f4f96c801ed7a.rlib -C embed-bitcode=no --check-cfg 'cfg(docsrs,test)' --check-cfg 'cfg(feature, values())' --error-format human`

running 0 tests

test result: ok. 0 passed; 0 failed; 0 ignored; 0 measured; 0 filtered out; finished in 0.00s


==> git diff --check

==> git diff --cached --check

==> git diff --check origin/main...HEAD

verify-fast passed
